Acupoint_Code,Relation,Action_Target,,,,,,,,,,,,,,,,,,,,,,,
LU2,disperses,Chest Fullness,,,,,,,,,,,,,,,,,,,,,,,
LU2,stimulates,Lung Qi Descending,,,,,,,,,,,,,,,,,,,,,,,
LU2,stops,Cough,,,,,,,,,,,,,,,,,,,,,,,
LU3,clears,Lung Heat,,,,,,,,,,,,,,,,,,,,,,,
LU3,regulates,Lung Qi,,,,,,,,,,,,,,,,,,,,,,,
LU4,regulates,Qi,,,,,,,,,,,,,,,,,,,,,,,
LU4,regulates,Blood,,,,,,,,,,,,,,,,,,,,,,,
LU4,relieves,Pain,,,,,,,,,,,,,,,,,,,,,,,
LU5,clears,Lung Heat,,,,,,,,,,,,,,,,,,,,,,,
LU5,stimulates,Lung Qi Descending,,,,,,,,,,,,,,,,,,,,,,,
LU5,expels,Lung Phlegm,,,,,,,,,,,,,,,,,,,,,,,
LU5,benefits,Bladder,,,,,,,,,,,,,,,,,,,,,,,
LU5,relaxes,Sinews,,,,,,,,,,,,,,,,,,,,,,,
LU6,regulates,Lung Qi,,,,,,,,,,,,,,,,,,,,,,,
LU6,stimulates,Lung Qi Descending,,,,,,,,,,,,,,,,,,,,,,,
LU6,clears,Heat,,,,,,,,,,,,,,,,,,,,,,,
LU6,stops,Bleeding,,,,,,,,,,,,,,,,,,,,,,,
LU7,improves,Brain Circulation,,,,,,,,,,,,,,,,,,,,,,,
LU7,stimulates,Memory,,,,,,,,,,,,,,,,,,,,,,,
LU7,subsides,Cough,,,,,,,,,,,,,,,,,,,,,,,
LU8,diffuses,Lungs,,,,,,,,,,,,,,,,,,,,,,,
LU8,downbears,Qi,,,,,,,,,,,,,,,,,,,,,,,
LU8,courses,Wind,,,,,,,,,,,,,,,,,,,,,,,
LU8,resolves,Exterior,,,,,,,,,,,,,,,,,,,,,,,
LU9,resolves,Phlegm,,,,,,,,,,,,,,,,,,,,,,,
LU9,regulates,Lung Qi,,,,,,,,,,,,,,,,,,,,,,,
LU9,stops,Cough,,,,,,,,,,,,,,,,,,,,,,,
LU9,tonifies,Lung Qi,,,,,,,,,,,,,,,,,,,,,,,
LU9,tonifies,Lung Yin,,,,,,,,,,,,,,,,,,,,,,,
LU9,gathers,Qi,,,,,,,,,,,,,,,,,,,,,,,
LU9,promotes,Blood Circulation,,,,,,,,,,,,,,,,,,,,,,,
LU9,influences,Pulse,,,,,,,,,,,,,,,,,,,,,,,
LU9,clears,Lungs,,,,,,,,,,,,,,,,,,,,,,,
LU9,clears,Liver Heat,,,,,,,,,,,,,,,,,,,,,,,
LU10,clears,Lung Heat,,,,,,,,,,,,,,,,,,,,,,,
LU10,benefits,Throat,,,,,,,,,,,,,,,,,,,,,,,
LU11,expels,Wind,,,,,,,,,,,,,,,,,,,,,,,
LU11,stimulates,Lung Qi Dispersing,,,,,,,,,,,,,,,,,,,,,,,
LU11,stimulates,Lung Qi Descending,,,,,,,,,,,,,,,,,,,,,,,
LU11,benefits,Throat,,,,,,,,,,,,,,,,,,,,,,,
LU11,opens,Orifices,,,,,,,,,,,,,,,,,,,,,,,
LU11,promotes,Resuscitation,,,,,,,,,,,,,,,,,,,,,,,
LI1,clears,Heat,,,,,,,,,,,,,,,,,,,,,,,
LI1,brightens,Eyes,,,,,,,,,,,,,,,,,,,,,,,
LI1,benefits,Throat,,,,,,,,,,,,,,,,,,,,,,,
LI1,calms,Mind,,,,,,,,,,,,,,,,,,,,,,,
LI1,expels,Wind,,,,,,,,,,,,,,,,,,,,,,,
LI1,scatters,Cold,,,,,,,,,,,,,,,,,,,,,,,
LI2,clears,Heat,,,,,,,,,,,,,,,,,,,,,,,
LI2,dissipates,Pathogenic Heat,,,,,,,,,,,,,,,,,,,,,,,
LI2,disinhibits,Throat,,,,,,,,,,,,,,,,,,,,,,,
LI3,dispels,Exterior Wind,,,,,,,,,,,,,,,,,,,,,,,
LI3,clears,Heat,,,,,,,,,,,,,,,,,,,,,,,
LI3,brightens,Eyes,,,,,,,,,,,,,,,,,,,,,,,
LI3,benefits,Throat,,,,,,,,,,,,,,,,,,,,,,,
LI4,dispels,Exterior Wind,,,,,,,,,,,,,,,,,,,,,,,
LI4,releases,Exterior,,,,,,,,,,,,,,,,,,,,,,,
LI4,stimulates,Lung Dispersing Function,,,,,,,,,,,,,,,,,,,,,,,
LI4,stops,Pain,,,,,,,,,,,,,,,,,,,,,,,
LI4,removes,Channel Obstructions,,,,,,,,,,,,,,,,,,,,,,,
LI4,tonifies,Qi,,,,,,,,,,,,,,,,,,,,,,,
LI4,consolidates,Exterior,,,,,,,,,,,,,,,,,,,,,,,
LI4,harmonizes,Ascending And Descending Functions,,,,,,,,,,,,,,,,,,,,,,,
LI5,expels,Wind,,,,,,,,,,,,,,,,,,,,,,,
LI5,releases,Exterior,,,,,,,,,,,,,,,,,,,,,,,
LI5,benefits,Throat,,,,,,,,,,,,,,,,,,,,,,,
LI5,stops,Pain,,,,,,,,,,,,,,,,,,,,,,,
LI6,opens,Lung Water Passage,,,,,,,,,,,,,,,,,,,,,,,
LI7,clears,Heat,,,,,,,,,,,,,,,,,,,,,,,
LI7,stops,Pain,,,,,,,,,,,,,,,,,,,,,,,
LI7,expels,Wind,,,,,,,,,,,,,,,,,,,,,,,
LI7,benefits,Throat,,,,,,,,,,,,,,,,,,,,,,,
LI8,dissipates,Wind,,,,,,,,,,,,,,,,,,,,,,,
LI8,clears,Heat,,,,,,,,,,,,,,,,,,,,,,,
LI8,frees,Channels,,,,,,,,,,,,,,,,,,,,,,,
LI8,relieves,Pain,,,,,,,,,,,,,,,,,,,,,,,
LI9,courses,Channels,,,,,,,,,,,,,,,,,,,,,,,
LI9,quickens,Connecting Vessels,,,,,,,,,,,,,,,,,,,,,,,
LI9,frees,Bowel Qi,,,,,,,,,,,,,,,,,,,,,,,
LI10,removes,Channel Obstructions,,,,,,,,,,,,,,,,,,,,,,,
LI10,tonifies,Qi,,,,,,,,,,,,,,,,,,,,,,,
LI11,expels,Exterior Wind,,,,,,,,,,,,,,,,,,,,,,,
LI11,clears,Heat,,,,,,,,,,,,,,,,,,,,,,,
LI11,cools,Blood,,,,,,,,,,,,,,,,,,,,,,,
LI11,resolves,Damp,,,,,,,,,,,,,,,,,,,,,,,
LI11,regulates,Nutritive Qi,,,,,,,,,,,,,,,,,,,,,,,
LI11,regulates,Blood,,,,,,,,,,,,,,,,,,,,,,,
LI11,benefits,Sinews,,,,,,,,,,,,,,,,,,,,,,,
LI11,benefits,Joints,,,,,,,,,,,,,,,,,,,,,,,
LI12,courses,Channels,,,,,,,,,,,,,,,,,,,,,,,
LI12,quickens,Connecting Vessels,,,,,,,,,,,,,,,,,,,,,,,
LI12,disinhibits,Joints,,,,,,,,,,,,,,,,,,,,,,,
LI13,courses,Channels,,,,,,,,,,,,,,,,,,,,,,,
LI13,quickens,Connecting Vessels,,,,,,,,,,,,,,,,,,,,,,,
LI13,disinhibits,Joints,,,,,,,,,,,,,,,,,,,,,,,
LI14,removes,Channel Obstructions,,,,,,,,,,,,,,,,,,,,,,,
LI14,brightens,Eyes,,,,,,,,,,,,,,,,,,,,,,,
LI14,resolves,Phlegm,,,,,,,,,,,,,,,,,,,,,,,
LI14,disperses,Masses,,,,,,,,,,,,,,,,,,,,,,,
LI15,benefits,Sinews,,,,,,,,,,,,,,,,,,,,,,,
LI15,promotes,Qi Circulation In Channels,,,,,,,,,,,,,,,,,,,,,,,
LI15,stops,Pain,,,,,,,,,,,,,,,,,,,,,,,
LI15,expels,Wind,,,,,,,,,,,,,,,,,,,,,,,
LI16,moves,Blood,,,,,,,,,,,,,,,,,,,,,,,
LI16,removes,Channel Obstructions,,,,,,,,,,,,,,,,,,,,,,,
LI16,opens,Chest,,,,,,,,,,,,,,,,,,,,,,,
LI16,subdues,Ascending Rebellious Qi,,,,,,,,,,,,,,,,,,,,,,,
LI16,stimulates,Lung Qi Descending,,,,,,,,,,,,,,,,,,,,,,,
LI16,benefits,Joints,,,,,,,,,,,,,,,,,,,,,,,
LI17,disinhibits,Throat,,,,,,,,,,,,,,,,,,,,,,,
LI17,clears,Lung Qi,,,,,,,,,,,,,,,,,,,,,,,
LI18,benefits,Throat,,,,,,,,,,,,,,,,,,,,,,,
LI18,relieves,Cough,,,,,,,,,,,,,,,,,,,,,,,
LI18,resolves,Phlegm,,,,,,,,,,,,,,,,,,,,,,,
LI18,disperses,Masses,,,,,,,,,,,,,,,,,,,,,,,
LI19,diffuses,Lung Qi,,,,,,,,,,,,,,,,,,,,,,,
LI19,clears,Lung Heat,,,,,,,,,,,,,,,,,,,,,,,
LI19,clears,Nose,,,,,,,,,,,,,,,,,,,,,,,
LI19,rouses,Spirit,,,,,,,,,,,,,,,,,,,,,,,
LI20,dispels,Exterior Wind,,,,,,,,,,,,,,,,,,,,,,,
ST1,expels,Wind,,,,,,,,,,,,,,,,,,,,,,,
ST1,brightens,Eyes,,,,,,,,,,,,,,,,,,,,,,,
ST1,stops,Lacrimation,,,,,,,,,,,,,,,,,,,,,,,
ST2,expels,Wind,,,,,,,,,,,,,,,,,,,,,,,
ST2,brightens,Eyes,,,,,,,,,,,,,,,,,,,,,,,
ST3,expels,Wind,,,,,,,,,,,,,,,,,,,,,,,
ST3,removes,Channel Obstructions,,,,,,,,,,,,,,,,,,,,,,,
ST3,relieves,Swelling,,,,,,,,,,,,,,,,,,,,,,,
ST4,expels,Wind,,,,,,,,,,,,,,,,,,,,,,,
ST4,removes,Channel Obstructions,,,,,,,,,,,,,,,,,,,,,,,
ST4,benefits,Tendons,,,,,,,,,,,,,,,,,,,,,,,
ST4,benefits,Muscles,,,,,,,,,,,,,,,,,,,,,,,
ST5,courses,Wind,,,,,,,,,,,,,,,,,,,,,,,
ST5,quickens,Connecting Vessels,,,,,,,,,,,,,,,,,,,,,,,
ST6,expels,Wind,,,,,,,,,,,,,,,,,,,,,,,
ST6,removes,Channel Obstructions,,,,,,,,,,,,,,,,,,,,,,,
ST7,removes,Channel Obstructions,,,,,,,,,,,,,,,,,,,,,,,
ST7,benefits,Ears,,,,,,,,,,,,,,,,,,,,,,,
ST8,expels,Wind,,,,,,,,,,,,,,,,,,,,,,,
ST8,relieves,Pain,,,,,,,,,,,,,,,,,,,,,,,
ST8,brightens,Eyes,,,,,,,,,,,,,,,,,,,,,,,
ST8,relieves,Dizziness,,,,,,,,,,,,,,,,,,,,,,,
ST8,clears,Heat,,,,,,,,,,,,,,,,,,,,,,,
ST9,regulates,Qi,,,,,,,,,,,,,,,,,,,,,,,
ST9,removes,Masses,,,,,,,,,,,,,,,,,,,,,,,
ST9,benefits,Throat,,,,,,,,,,,,,,,,,,,,,,,
ST9,relieves,Swelling,,,,,,,,,,,,,,,,,,,,,,,
ST10,rectifies,Lung Qi,,,,,,,,,,,,,,,,,,,,,,,
ST10,disinhibits,Throat,,,,,,,,,,,,,,,,,,,,,,,
ST11,courses,Qi,,,,,,,,,,,,,,,,,,,,,,,
ST11,downbears,Counterflow,,,,,,,,,,,,,,,,,,,,,,,
ST12,subdues,Rebellious Qi,,,,,,,,,,,,,,,,,,,,,,,
ST13,clears,Heat,,,,,,,,,,,,,,,,,,,,,,,
ST13,loosens,Chest,,,,,,,,,,,,,,,,,,,,,,,
ST14,rectifies,Qi,,,,,,,,,,,,,,,,,,,,,,,
ST14,loosens,Chest,,,,,,,,,,,,,,,,,,,,,,,
ST15,courses,Wind,,,,,,,,,,,,,,,,,,,,,,,
ST15,relieves,Pain,,,,,,,,,,,,,,,,,,,,,,,
ST16,clears,Heat,,,,,,,,,,,,,,,,,,,,,,,
ST16,resolves,Depression,,,,,,,,,,,,,,,,,,,,,,,
ST16,relieves,Pain,,,,,,,,,,,,,,,,,,,,,,,
ST16,disperses,Swelling,,,,,,,,,,,,,,,,,,,,,,,
ST18,regulates,Stomach Qi,,,,,,,,,,,,,,,,,,,,,,,
ST18,regulates,Breasts,,,,,,,,,,,,,,,,,,,,,,,
ST18,regulates,Lactation,,,,,,,,,,,,,,,,,,,,,,,
ST18,dispels,Stagnation,,,,,,,,,,,,,,,,,,,,,,,
ST19,regulates,Center,,,,,,,,,,,,,,,,,,,,,,,
ST19,harmonizes,Stomach,,,,,,,,,,,,,,,,,,,,,,,
ST20,harmonizes,Stomach,,,,,,,,,,,,,,,,,,,,,,,
ST20,rectifies,Qi,,,,,,,,,,,,,,,,,,,,,,,
ST21,regulates,Stomach,,,,,,,,,,,,,,,,,,,,,,,
ST21,subdues,Rebellious Qi,,,,,,,,,,,,,,,,,,,,,,,
ST21,stops,Vomiting,,,,,,,,,,,,,,,,,,,,,,,
ST21,relieves,Pain,,,,,,,,,,,,,,,,,,,,,,,
ST22,regulates,Stomach,,,,,,,,,,,,,,,,,,,,,,,
ST22,regulates,Intestines,,,,,,,,,,,,,,,,,,,,,,,
ST23,clears,Heart,,,,,,,,,,,,,,,,,,,,,,,
ST23,quiets,Spirit,,,,,,,,,,,,,,,,,,,,,,,
ST23,fortifies,Spleen,,,,,,,,,,,,,,,,,,,,,,,
ST23,harmonizes,Center,,,,,,,,,,,,,,,,,,,,,,,
ST24,quiets,Spirit,,,,,,,,,,,,,,,,,,,,,,,
ST24,stabilizes,Disposition,,,,,,,,,,,,,,,,,,,,,,,
ST24,regulates,Stomach,,,,,,,,,,,,,,,,,,,,,,,
ST24,harmonizes,Stomach,,,,,,,,,,,,,,,,,,,,,,,
ST24,regulates,Intestines,,,,,,,,,,,,,,,,,,,,,,,
ST24,harmonizes,Intestines,,,,,,,,,,,,,,,,,,,,,,,
ST25,promotes,Intestines Function,,,,,,,,,,,,,,,,,,,,,,,
ST25,clears,Heat,,,,,,,,,,,,,,,,,,,,,,,
ST25,regulates,Qi,,,,,,,,,,,,,,,,,,,,,,,
ST25,relieves,Food Retention,,,,,,,,,,,,,,,,,,,,,,,
ST26,dissipates,Cold,,,,,,,,,,,,,,,,,,,,,,,
ST26,relieves,Pain,,,,,,,,,,,,,,,,,,,,,,,
ST26,rectifies,Qi,,,,,,,,,,,,,,,,,,,,,,,
ST27,regulates,Stomach Qi,,,,,,,,,,,,,,,,,,,,,,,
ST28,benefits,Urination,,,,,,,,,,,,,,,,,,,,,,,
ST28,opens,Water Passages,,,,,,,,,,,,,,,,,,,,,,,
ST28,benefits,Urination Difficulty,,,,,,,,,,,,,,,,,,,,,,,
ST29,relieves,Blood Stagnation,,,,,,,,,,,,,,,,,,,,,,,
ST30,regulates,Stomach Qi,,,,,,,,,,,,,,,,,,,,,,,
ST30,regulates,Penetrating Vessels,,,,,,,,,,,,,,,,,,,,,,,
ST30,promotes,Essence,,,,,,,,,,,,,,,,,,,,,,,
ST30,tonifies,Nourishment,,,,,,,,,,,,,,,,,,,,,,,
ST30,regulates,Blood,,,,,,,,,,,,,,,,,,,,,,,
ST31,removes,Channel Obstructions,,,,,,,,,,,,,,,,,,,,,,,
ST32,removes,Channel Obstructions,,,,,,,,,,,,,,,,,,,,,,,
ST32,expels,Wind Heat,,,,,,,,,,,,,,,,,,,,,,,
ST33,courses,Wind,,,,,,,,,,,,,,,,,,,,,,,
ST33,dissipates,Cold,,,,,,,,,,,,,,,,,,,,,,,
ST33,frees,Channels,,,,,,,,,,,,,,,,,,,,,,,
ST33,quickens,Connecting Vessels,,,,,,,,,,,,,,,,,,,,,,,
ST33,disinhibits,Joints,,,,,,,,,,,,,,,,,,,,,,,
ST34,subdues,Rebellious Stomach Qi,,,,,,,,,,,,,,,,,,,,,,,
ST34,removes,Channel Obstructions,,,,,,,,,,,,,,,,,,,,,,,
ST34,expels,Damp,,,,,,,,,,,,,,,,,,,,,,,
ST34,expels,Wind,,,,,,,,,,,,,,,,,,,,,,,
ST35,invigorates,Channels,,,,,,,,,,,,,,,,,,,,,,,
ST35,relieves,Swelling,,,,,,,,,,,,,,,,,,,,,,,
ST35,stops,Pain,,,,,,,,,,,,,,,,,,,,,,,
ST36,benefits,Stomach,,,,,,,,,,,,,,,,,,,,,,,
ST36,benefits,Spleen,,,,,,,,,,,,,,,,,,,,,,,
ST36,tonifies,Qi,,,,,,,,,,,,,,,,,,,,,,,
ST36,tonifies,Blood,,,,,,,,,,,,,,,,,,,,,,,
ST36,dispels,Cold,,,,,,,,,,,,,,,,,,,,,,,
ST36,strengthens,Body,,,,,,,,,,,,,,,,,,,,,,,
ST36,brightens,Eyes,,,,,,,,,,,,,,,,,,,,,,,
ST36,regulates,Nutritive Qi,,,,,,,,,,,,,,,,,,,,,,,
ST36,regulates,Defensive Qi,,,,,,,,,,,,,,,,,,,,,,,
ST36,regulates,Intestines,,,,,,,,,,,,,,,,,,,,,,,
ST36,raises,Yang,,,,,,,,,,,,,,,,,,,,,,,
ST36,expels,Wind,,,,,,,,,,,,,,,,,,,,,,,
ST36,expels,Damp,,,,,,,,,,,,,,,,,,,,,,,
ST36,resolves,Edema,,,,,,,,,,,,,,,,,,,,,,,
ST37,regulates,Stomach Function,,,,,,,,,,,,,,,,,,,,,,,
ST37,regulates,Intestines Function,,,,,,,,,,,,,,,,,,,,,,,
ST37,eliminates,Damp Heat,,,,,,,,,,,,,,,,,,,,,,,
ST37,dispels,Food Retention,,,,,,,,,,,,,,,,,,,,,,,
ST37,calms,Asthma,,,,,,,,,,,,,,,,,,,,,,,
ST38,removes,Channel Obstructions,,,,,,,,,,,,,,,,,,,,,,,
ST39,regulates,Stomach Function,,,,,,,,,,,,,,,,,,,,,,,
ST39,regulates,Intestines Function,,,,,,,,,,,,,,,,,,,,,,,
ST39,eliminates,Damp Heat,,,,,,,,,,,,,,,,,,,,,,,
ST39,eliminates,Wind Damp,,,,,,,,,,,,,,,,,,,,,,,
ST39,stops,Pain,,,,,,,,,,,,,,,,,,,,,,,
ST40,resolves,Phlegm,,,,,,,,,,,,,,,,,,,,,,,
ST40,resolves,Damp,,,,,,,,,,,,,,,,,,,,,,,
ST40,calms,Asthma,,,,,,,,,,,,,,,,,,,,,,,
ST40,clears,Heat,,,,,,,,,,,,,,,,,,,,,,,
ST40,calms,Mind,,,,,,,,,,,,,,,,,,,,,,,
ST40,clears,Mind,,,,,,,,,,,,,,,,,,,,,,,
ST40,opens,Chest,,,,,,,,,,,,,,,,,,,,,,,
ST41,removes,Channel Obstructions,,,,,,,,,,,,,,,,,,,,,,,
ST41,eliminates,Wind,,,,,,,,,,,,,,,,,,,,,,,
ST41,clears,Heat,,,,,,,,,,,,,,,,,,,,,,,
ST41,clears,Mind,,,,,,,,,,,,,,,,,,,,,,,
ST41,brightens,Eyes,,,,,,,,,,,,,,,,,,,,,,,
ST42,tonifies,Stomach,,,,,,,,,,,,,,,,,,,,,,,
ST42,tonifies,Spleen,,,,,,,,,,,,,,,,,,,,,,,
ST42,calms,Mind,,,,,,,,,,,,,,,,,,,,,,,
ST42,removes,Channel Obstructions,,,,,,,,,,,,,,,,,,,,,,,
ST43,eliminates,Wind,,,,,,,,,,,,,,,,,,,,,,,
ST43,eliminates,Heat,,,,,,,,,,,,,,,,,,,,,,,
ST43,removes,Channel Obstructions,,,,,,,,,,,,,,,,,,,,,,,
ST44,clears,Heat,,,,,,,,,,,,,,,,,,,,,,,
ST44,eliminates,Fullness,,,,,,,,,,,,,,,,,,,,,,,
ST44,regulates,Qi,,,,,,,,,,,,,,,,,,,,,,,
ST44,stops,Pain,,,,,,,,,,,,,,,,,,,,,,,
ST44,promotes,Digestion,,,,,,,,,,,,,,,,,,,,,,,
ST44,eliminates,Wind,,,,,,,,,,,,,,,,,,,,,,,
ST45,calms,Mind,,,,,,,,,,,,,,,,,,,,,,,
ST45,brightens,Eyes,,,,,,,,,,,,,,,,,,,,,,,
ST45,clears,Heart,,,,,,,,,,,,,,,,,,,,,,,
ST45,relieves,Food Retention,,,,,,,,,,,,,,,,,,,,,,,
SP1,strengthens,Spleen,,,,,,,,,,,,,,,,,,,,,,,
SP1,regulates,Blood,,,,,,,,,,,,,,,,,,,,,,,
SP1,calms,Wind,,,,,,,,,,,,,,,,,,,,,,,
SP2,strengthens,Spleen,,,,,,,,,,,,,,,,,,,,,,,
SP2,promotes,Digestion,,,,,,,,,,,,,,,,,,,,,,,
SP2,clears,Heat,,,,,,,,,,,,,,,,,,,,,,,
SP3,strengthens,Spleen,,,,,,,,,,,,,,,,,,,,,,,
SP3,resolves,Damp,,,,,,,,,,,,,,,,,,,,,,,
SP3,strengthens,Spine,,,,,,,,,,,,,,,,,,,,,,,
SP4,tonifies,Stomach,,,,,,,,,,,,,,,,,,,,,,,
SP4,tonifies,Spleen,,,,,,,,,,,,,,,,,,,,,,,
SP4,regulates,Chong Channels,,,,,,,,,,,,,,,,,,,,,,,
SP4,stops,Bleeding,,,,,,,,,,,,,,,,,,,,,,,
SP4,dispels,Fullness,,,,,,,,,,,,,,,,,,,,,,,
SP4,pacifies,Stomach,,,,,,,,,,,,,,,,,,,,,,,
SP4,removes,Obstructions,,,,,,,,,,,,,,,,,,,,,,,
SP4,regulates,Menses,,,,,,,,,,,,,,,,,,,,,,,
SP5,strengthens,Stomach,,,,,,,,,,,,,,,,,,,,,,,
SP5,strengthens,Spleen,,,,,,,,,,,,,,,,,,,,,,,
SP5,resolves,Damp,,,,,,,,,,,,,,,,,,,,,,,
SP6,strengthens,Spleen,,,,,,,,,,,,,,,,,,,,,,,
SP6,resolves,Damp,,,,,,,,,,,,,,,,,,,,,,,
SP6,promotes,Liver Function,,,,,,,,,,,,,,,,,,,,,,,
SP6,smooths,Liver Qi Flow,,,,,,,,,,,,,,,,,,,,,,,
SP6,tonifies,Kidneys,,,,,,,,,,,,,,,,,,,,,,,
SP6,nourishes,Blood,,,,,,,,,,,,,,,,,,,,,,,
SP6,nourishes,Yin,,,,,,,,,,,,,,,,,,,,,,,
SP6,benefits,Urination,,,,,,,,,,,,,,,,,,,,,,,
SP6,regulates,Uterus,,,,,,,,,,,,,,,,,,,,,,,
SP6,regulates,Menstruation,,,,,,,,,,,,,,,,,,,,,,,
SP6,moves,Blood,,,,,,,,,,,,,,,,,,,,,,,
SP6,cools,Blood,,,,,,,,,,,,,,,,,,,,,,,
SP6,eliminates,Stasis,,,,,,,,,,,,,,,,,,,,,,,
SP6,stops,Pain,,,,,,,,,,,,,,,,,,,,,,,
SP6,calms,Mind,,,,,,,,,,,,,,,,,,,,,,,
SP7,fortifies,Spleen,,,,,,,,,,,,,,,,,,,,,,,
SP7,harmonizes,Stomach,,,,,,,,,,,,,,,,,,,,,,,
SP7,disinhibits,Damp,,,,,,,,,,,,,,,,,,,,,,,
SP7,disperses,Swelling,,,,,,,,,,,,,,,,,,,,,,,
SP7,frees,Channels,,,,,,,,,,,,,,,,,,,,,,,
SP7,quickens,Connecting Vessels,,,,,,,,,,,,,,,,,,,,,,,
SP7,regulates,Qi,,,,,,,,,,,,,,,,,,,,,,,
SP7,regulates,Blood,,,,,,,,,,,,,,,,,,,,,,,
SP8,removes,Channel Obstructions,,,,,,,,,,,,,,,,,,,,,,,
SP8,regulates,Qi,,,,,,,,,,,,,,,,,,,,,,,
SP8,regulates,Blood,,,,,,,,,,,,,,,,,,,,,,,
SP8,regulates,Uterus,,,,,,,,,,,,,,,,,,,,,,,
SP8,stops,Pain,,,,,,,,,,,,,,,,,,,,,,,
SP9,resolves,Damp,,,,,,,,,,,,,,,,,,,,,,,
SP9,benefits,Lower Burner,,,,,,,,,,,,,,,,,,,,,,,
SP9,benefits,Urination,,,,,,,,,,,,,,,,,,,,,,,
SP9,removes,Channel Obstructions,,,,,,,,,,,,,,,,,,,,,,,
SP10,cools,Blood,,,,,,,,,,,,,,,,,,,,,,,
SP10,removes,Blood Stasis,,,,,,,,,,,,,,,,,,,,,,,
SP10,regulates,Menstruation,,,,,,,,,,,,,,,,,,,,,,,
SP10,tonifies,Blood,,,,,,,,,,,,,,,,,,,,,,,
SP11,clears,Head,,,,,,,,,,,,,,,,,,,,,,,
SP11,promotes,Free Flow Through Waterway,,,,,,,,,,,,,,,,,,,,,,,
SP12,removes,Channel Obstructions,,,,,,,,,,,,,,,,,,,,,,,
SP12,tonifies,Yin,,,,,,,,,,,,,,,,,,,,,,,
SP13,regulates,Qi Dynamic,,,,,,,,,,,,,,,,,,,,,,,
SP13,soothes,Liver,,,,,,,,,,,,,,,,,,,,,,,
SP13,relieves,Pain,,,,,,,,,,,,,,,,,,,,,,,
SP14,warms,Center,,,,,,,,,,,,,,,,,,,,,,,
SP14,dissipates,Cold,,,,,,,,,,,,,,,,,,,,,,,
SP14,rectifies,Qi,,,,,,,,,,,,,,,,,,,,,,,
SP14,downbears,Counterflow,,,,,,,,,,,,,,,,,,,,,,,
SP15,strengthens,Spleen,,,,,,,,,,,,,,,,,,,,,,,
SP15,strengthens,Limbs,,,,,,,,,,,,,,,,,,,,,,,
SP15,resolves,Damp,,,,,,,,,,,,,,,,,,,,,,,
SP15,regulates,Qi,,,,,,,,,,,,,,,,,,,,,,,
SP15,stops,Pain,,,,,,,,,,,,,,,,,,,,,,,
SP15,promotes,Large Intestine Function,,,,,,,,,,,,,,,,,,,,,,,
SP16,clears,Heat,,,,,,,,,,,,,,,,,,,,,,,
SP16,disinhibits,Damp,,,,,,,,,,,,,,,,,,,,,,,
SP16,frees,Bowel Qi,,,,,,,,,,,,,,,,,,,,,,,
SP17,rectifies,Qi,,,,,,,,,,,,,,,,,,,,,,,
SP17,disinhibits,Water,,,,,,,,,,,,,,,,,,,,,,,
SP17,courses,Triple Burner,,,,,,,,,,,,,,,,,,,,,,,
SP18,loosens,Chest,,,,,,,,,,,,,,,,,,,,,,,
SP18,rectifies,Qi,,,,,,,,,,,,,,,,,,,,,,,
SP18,downbears,Counterflow,,,,,,,,,,,,,,,,,,,,,,,
SP18,suppresses,Cough,,,,,,,,,,,,,,,,,,,,,,,
SP19,diffuses,Lung Qi,,,,,,,,,,,,,,,,,,,,,,,
SP19,downbears,Lung Qi,,,,,,,,,,,,,,,,,,,,,,,
SP19,suppresses,Cough,,,,,,,,,,,,,,,,,,,,,,,
SP19,stabilizes,Dyspnea,,,,,,,,,,,,,,,,,,,,,,,
SP20,diffuses,Lung Qi,,,,,,,,,,,,,,,,,,,,,,,
SP20,downbears,Lung Qi,,,,,,,,,,,,,,,,,,,,,,,
SP20,suppresses,Cough,,,,,,,,,,,,,,,,,,,,,,,
SP20,stabilizes,Dyspnea,,,,,,,,,,,,,,,,,,,,,,,
SP21,moves,Blood,,,,,,,,,,,,,,,,,,,,,,,
HT1,nourishes,Heart Yin,,,,,,,,,,,,,,,,,,,,,,,
HT1,clears,Empty Heat,,,,,,,,,,,,,,,,,,,,,,,
HT2,frees,Channels,,,,,,,,,,,,,,,,,,,,,,,
HT2,quickens,Connecting Vessels,,,,,,,,,,,,,,,,,,,,,,,
HT2,regulates,Qi,,,,,,,,,,,,,,,,,,,,,,,
HT2,regulates,Blood,,,,,,,,,,,,,,,,,,,,,,,
HT3,removes,Channel Obstructions,,,,,,,,,,,,,,,,,,,,,,,
HT3,calms,Mind,,,,,,,,,,,,,,,,,,,,,,,
HT3,clears,Heat,,,,,,,,,,,,,,,,,,,,,,,
HT4,removes,Channel Obstructions,,,,,,,,,,,,,,,,,,,,,,,
HT5,calms,Mind,,,,,,,,,,,,,,,,,,,,,,,
HT5,tonifies,Heart Qi,,,,,,,,,,,,,,,,,,,,,,,
HT5,opens,Into Tongue,,,,,,,,,,,,,,,,,,,,,,,
HT5,benefits,Bladder,,,,,,,,,,,,,,,,,,,,,,,
HT6,nourishes,Heart Yin,,,,,,,,,,,,,,,,,,,,,,,
HT6,clears,Heat,,,,,,,,,,,,,,,,,,,,,,,
HT6,stops,Sweating,,,,,,,,,,,,,,,,,,,,,,,
HT6,calms,Mind,,,,,,,,,,,,,,,,,,,,,,,
HT7,calms,Mind,,,,,,,,,,,,,,,,,,,,,,,
HT7,nourishes,Heart Blood,,,,,,,,,,,,,,,,,,,,,,,
HT7,opens,Orifices,,,,,,,,,,,,,,,,,,,,,,,
HT8,clears,Heart Fire,,,,,,,,,,,,,,,,,,,,,,,
HT8,clears,Empty Heat,,,,,,,,,,,,,,,,,,,,,,,
HT8,clears,Phlegm Fire,,,,,,,,,,,,,,,,,,,,,,,
HT8,calms,Mind,,,,,,,,,,,,,,,,,,,,,,,
HT9,clears,Heat,,,,,,,,,,,,,,,,,,,,,,,
HT9,subdues,Wind,,,,,,,,,,,,,,,,,,,,,,,
HT9,opens,Heart Orifices,,,,,,,,,,,,,,,,,,,,,,,
HT9,relieves,Fullness,,,,,,,,,,,,,,,,,,,,,,,
HT9,restores,Consciousness,,,,,,,,,,,,,,,,,,,,,,,
SI1,expels,Wind Heat,,,,,,,,,,,,,,,,,,,,,,,
SI1,subdues,Wind,,,,,,,,,,,,,,,,,,,,,,,
SI1,opens,Orifices,,,,,,,,,,,,,,,,,,,,,,,
SI1,removes,Channel Obstructions,,,,,,,,,,,,,,,,,,,,,,,
SI1,promotes,Lactation,,,,,,,,,,,,,,,,,,,,,,,
SI2,clears,Heat,,,,,,,,,,,,,,,,,,,,,,,
SI3,eliminates,Interior Wind,,,,,,,,,,,,,,,,,,,,,,,
SI3,expels,Exterior Wind,,,,,,,,,,,,,,,,,,,,,,,
SI3,benefits,Sinews,,,,,,,,,,,,,,,,,,,,,,,
SI3,resolves,Damp,,,,,,,,,,,,,,,,,,,,,,,
SI3,resolves,Jaundice,,,,,,,,,,,,,,,,,,,,,,,
SI3,clears,Mind,,,,,,,,,,,,,,,,,,,,,,,
SI4,removes,Channel Obstructions,,,,,,,,,,,,,,,,,,,,,,,
SI4,eliminates,Damp Heat,,,,,,,,,,,,,,,,,,,,,,,
SI5,clears,Mind,,,,,,,,,,,,,,,,,,,,,,,
SI5,removes,Channel Obstructions,,,,,,,,,,,,,,,,,,,,,,,
SI5,expels,Exterior Damp Heat,,,,,,,,,,,,,,,,,,,,,,,
SI6,benefits,Sinews,,,,,,,,,,,,,,,,,,,,,,,
SI6,brightens,Eyes,,,,,,,,,,,,,,,,,,,,,,,
SI6,removes,Channel Obstructions,,,,,,,,,,,,,,,,,,,,,,,
SI7,removes,Channel Obstructions,,,,,,,,,,,,,,,,,,,,,,,
SI7,calms,Mind,,,,,,,,,,,,,,,,,,,,,,,
SI8,resolves,Damp Heat,,,,,,,,,,,,,,,,,,,,,,,
SI8,removes,Channel Obstructions,,,,,,,,,,,,,,,,,,,,,,,
SI8,calms,Mind,,,,,,,,,,,,,,,,,,,,,,,
SI9,courses,Wind,,,,,,,,,,,,,,,,,,,,,,,
SI9,quickens,Connecting Vessels,,,,,,,,,,,,,,,,,,,,,,,
SI9,dissipates,Pain,,,,,,,,,,,,,,,,,,,,,,,
SI9,binds,Pain,,,,,,,,,,,,,,,,,,,,,,,
SI9,relieves,Pain,,,,,,,,,,,,,,,,,,,,,,,
SI10,quickens,Blood,,,,,,,,,,,,,,,,,,,,,,,
SI10,frees,Connecting Vessels,,,,,,,,,,,,,,,,,,,,,,,
SI10,soothes,Sinews,,,,,,,,,,,,,,,,,,,,,,,
SI10,dissipates,Binds,,,,,,,,,,,,,,,,,,,,,,,
SI11,resolves,Tai Yang Channel Pathogens,,,,,,,,,,,,,,,,,,,,,,,
SI11,diffuses,Chest Qi Stagnation,,,,,,,,,,,,,,,,,,,,,,,
SI11,diffuses,Lateral Costal Region Qi stagnation,,,,,,,,,,,,,,,,,,,,,,,
SI12,frees,Channels,,,,,,,,,,,,,,,,,,,,,,,
SI12,quickens,Connecting Vessels,,,,,,,,,,,,,,,,,,,,,,,
SI13,soothes,Sinews,,,,,,,,,,,,,,,,,,,,,,,
SI13,quickens,Blood,,,,,,,,,,,,,,,,,,,,,,,
SI14,courses,Wind,,,,,,,,,,,,,,,,,,,,,,,
SI14,quickens,Connecting Vessels,,,,,,,,,,,,,,,,,,,,,,,
SI14,warms,Channels,,,,,,,,,,,,,,,,,,,,,,,
SI14,dissipates,Cold,,,,,,,,,,,,,,,,,,,,,,,
SI15,diffuses,Lungs,,,,,,,,,,,,,,,,,,,,,,,
SI15,clears,Heat,,,,,,,,,,,,,,,,,,,,,,,
SI15,transforms,Phlegm,,,,,,,,,,,,,,,,,,,,,,,
SI15,brightens,Eyes,,,,,,,,,,,,,,,,,,,,,,,
SI16,dispels,Wind,,,,,,,,,,,,,,,,,,,,,,,
SI16,quickens,Connecting Vessels,,,,,,,,,,,,,,,,,,,,,,,
SI16,quiets,Spirit,,,,,,,,,,,,,,,,,,,,,,,
SI16,nourishes,Heart,,,,,,,,,,,,,,,,,,,,,,,
SI17,resolves,Damp Heat,,,,,,,,,,,,,,,,,,,,,,,
SI17,expels,Fire Poison,,,,,,,,,,,,,,,,,,,,,,,
SI17,removes,Channel Obstructions,,,,,,,,,,,,,,,,,,,,,,,
SI18,expels,Wind,,,,,,,,,,,,,,,,,,,,,,,
SI18,relieves,Pain,,,,,,,,,,,,,,,,,,,,,,,
SI19,benefits,Ears,,,,,,,,,,,,,,,,,,,,,,,
BL1,expels,Wind,,,,,,,,,,,,,,,,,,,,,,,
BL1,clears,Heat,,,,,,,,,,,,,,,,,,,,,,,
BL1,brightens,Eyes,,,,,,,,,,,,,,,,,,,,,,,
BL1,stops,Pain,,,,,,,,,,,,,,,,,,,,,,,
BL1,stops,Itching,,,,,,,,,,,,,,,,,,,,,,,
BL1,stops,Lacrimation,,,,,,,,,,,,,,,,,,,,,,,
BL2,expels,Wind,,,,,,,,,,,,,,,,,,,,,,,
BL2,brightens,Eyes,,,,,,,,,,,,,,,,,,,,,,,
BL2,soothes,Liver,,,,,,,,,,,,,,,,,,,,,,,
BL2,removes,Channel Obstructions,,,,,,,,,,,,,,,,,,,,,,,
BL2,stops,Pain,,,,,,,,,,,,,,,,,,,,,,,
BL3,dispels,Wind,,,,,,,,,,,,,,,,,,,,,,,
BL3,clears,Heat,,,,,,,,,,,,,,,,,,,,,,,
BL3,brightens,Eyes,,,,,,,,,,,,,,,,,,,,,,,
BL4,discharges,Heat,,,,,,,,,,,,,,,,,,,,,,,
BL4,opens,Portals,,,,,,,,,,,,,,,,,,,,,,,
BL4,clears,Head,,,,,,,,,,,,,,,,,,,,,,,
BL4,brightens,Eyes,,,,,,,,,,,,,,,,,,,,,,,
BL5,subdues,Interior Wind,,,,,,,,,,,,,,,,,,,,,,,
BL5,restores,Consciousness,,,,,,,,,,,,,,,,,,,,,,,
BL6,clears,Heat,,,,,,,,,,,,,,,,,,,,,,,
BL6,eliminates,Vexation,,,,,,,,,,,,,,,,,,,,,,,
BL6,brithens,Eyes,,,,,,,,,,,,,,,,,,,,,,,
BL6,opens,Portals,,,,,,,,,,,,,,,,,,,,,,,
BL7,subdues,Wind,,,,,,,,,,,,,,,,,,,,,,,
BL7,clears,Nose,,,,,,,,,,,,,,,,,,,,,,,
BL7,brightens,Eyes,,,,,,,,,,,,,,,,,,,,,,,
BL7,stops,Convulsions,,,,,,,,,,,,,,,,,,,,,,,
BL7,opens,Orifices,,,,,,,,,,,,,,,,,,,,,,,
BL8,dissipates,Wind,,,,,,,,,,,,,,,,,,,,,,,
BL8,clears,Heat,,,,,,,,,,,,,,,,,,,,,,,
BL8,clears,Head,,,,,,,,,,,,,,,,,,,,,,,
BL8,brightens,Eyes,,,,,,,,,,,,,,,,,,,,,,,
BL9,dispels,Wind,,,,,,,,,,,,,,,,,,,,,,,
BL9,quickens,Connecting Vessels,,,,,,,,,,,,,,,,,,,,,,,
BL9,frees,Portals,,,,,,,,,,,,,,,,,,,,,,,
BL9,brightens,Eyes,,,,,,,,,,,,,,,,,,,,,,,
BL10,expels,Wind,,,,,,,,,,,,,,,,,,,,,,,
BL10,clears,Brain,,,,,,,,,,,,,,,,,,,,,,,
BL10,opens,Orifices,,,,,,,,,,,,,,,,,,,,,,,
BL10,soothes,Sinews,,,,,,,,,,,,,,,,,,,,,,,
BL10,removes,Channel Obstructions,,,,,,,,,,,,,,,,,,,,,,,
BL10,brightens,Eyes,,,,,,,,,,,,,,,,,,,,,,,
BL10,invigorates,Lower Back,,,,,,,,,,,,,,,,,,,,,,,
BL11,nourishes,Blood,,,,,,,,,,,,,,,,,,,,,,,
BL11,expels,Wind,,,,,,,,,,,,,,,,,,,,,,,
BL11,strengthens,Bones,,,,,,,,,,,,,,,,,,,,,,,
BL11,soothes,Sinews,,,,,,,,,,,,,,,,,,,,,,,
BL11,releases,Exterior,,,,,,,,,,,,,,,,,,,,,,,
BL12,expels,Exterior Wind,,,,,,,,,,,,,,,,,,,,,,,
BL12,prevents,Exterior Wind,,,,,,,,,,,,,,,,,,,,,,,
BL12,releases,Exterior,,,,,,,,,,,,,,,,,,,,,,,
BL12,stimulates,Lung Dispersing Function,,,,,,,,,,,,,,,,,,,,,,,
BL12,regulates,Nutritive Qi,,,,,,,,,,,,,,,,,,,,,,,
BL12,regulates,Defensive Qi,,,,,,,,,,,,,,,,,,,,,,,
BL13,stimulates,Lung Dispersing Function,,,,,,,,,,,,,,,,,,,,,,,
BL13,stimulates,Lung Descending Function,,,,,,,,,,,,,,,,,,,,,,,
BL13,regulates,Lung Qi,,,,,,,,,,,,,,,,,,,,,,,
BL13,regulates,Nutritive Qi,,,,,,,,,,,,,,,,,,,,,,,
BL13,regulates,Defensive Qi,,,,,,,,,,,,,,,,,,,,,,,
BL13,tonifies,Lung Qi,,,,,,,,,,,,,,,,,,,,,,,
BL13,stops,Cough,,,,,,,,,,,,,,,,,,,,,,,
BL13,clears,Heat,,,,,,,,,,,,,,,,,,,,,,,
BL14,regulates,Heart,,,,,,,,,,,,,,,,,,,,,,,
BL15,calms,Mind,,,,,,,,,,,,,,,,,,,,,,,
BL15,clears,Heat,,,,,,,,,,,,,,,,,,,,,,,
BL15,stimulates,Brain,,,,,,,,,,,,,,,,,,,,,,,
BL15,invigorates,Blood,,,,,,,,,,,,,,,,,,,,,,,
BL15,nourishes,Heart,,,,,,,,,,,,,,,,,,,,,,,
BL16,regulates,Heart,,,,,,,,,,,,,,,,,,,,,,,
BL16,invigorates,Blood,,,,,,,,,,,,,,,,,,,,,,,
BL17,nourishes,Blood,,,,,,,,,,,,,,,,,,,,,,,
BL17,invigorates,Blood,,,,,,,,,,,,,,,,,,,,,,,
BL17,opens,Chest,,,,,,,,,,,,,,,,,,,,,,,
BL17,removes,Diaphragm Obstructions,,,,,,,,,,,,,,,,,,,,,,,
BL17,tonifies,Qi,,,,,,,,,,,,,,,,,,,,,,,
BL17,tonifies,Blood,,,,,,,,,,,,,,,,,,,,,,,
BL17,clears,Heat,,,,,,,,,,,,,,,,,,,,,,,
BL17,calms,Mind,,,,,,,,,,,,,,,,,,,,,,,
BL17,pacifies,Stomach Qi,,,,,,,,,,,,,,,,,,,,,,,
BL18,benefits,Liver,,,,,,,,,,,,,,,,,,,,,,,
BL18,benefits,Gallbladder,,,,,,,,,,,,,,,,,,,,,,,
BL18,resolves,Damp Heat,,,,,,,,,,,,,,,,,,,,,,,
BL18,moves,Stagnant Qi,,,,,,,,,,,,,,,,,,,,,,,
BL18,benefits,Eyes,,,,,,,,,,,,,,,,,,,,,,,
BL18,eliminates,Wind,,,,,,,,,,,,,,,,,,,,,,,
BL19,resolves,Liver Damp Heat,,,,,,,,,,,,,,,,,,,,,,,
BL19,resolves,Gallbladder Damp Heat,,,,,,,,,,,,,,,,,,,,,,,
BL19,pacifies,Stomach,,,,,,,,,,,,,,,,,,,,,,,
BL19,relaxes,Diaphragm,,,,,,,,,,,,,,,,,,,,,,,
BL20,tonifies,Spleen,,,,,,,,,,,,,,,,,,,,,,,
BL20,tonifies,Stomach,,,,,,,,,,,,,,,,,,,,,,,
BL20,resolves,Damp,,,,,,,,,,,,,,,,,,,,,,,
BL20,nourishes,Blood,,,,,,,,,,,,,,,,,,,,,,,
BL21,regulates,Stomach Qi,,,,,,,,,,,,,,,,,,,,,,,
BL21,tonifies,Stomach Qi,,,,,,,,,,,,,,,,,,,,,,,
BL21,resolves,Damp,,,,,,,,,,,,,,,,,,,,,,,
BL21,pacifies,Stomach,,,,,,,,,,,,,,,,,,,,,,,
BL21,relieves,Food Retention,,,,,,,,,,,,,,,,,,,,,,,
BL22,resolves,Damp,,,,,,,,,,,,,,,,,,,,,,,
BL22,opens,Water Passages,,,,,,,,,,,,,,,,,,,,,,,
BL22,regulates,Fluid Transformation,,,,,,,,,,,,,,,,,,,,,,,
BL23,tonifies,Kidneys,,,,,,,,,,,,,,,,,,,,,,,
BL23,nourishes,Kidney Essence,,,,,,,,,,,,,,,,,,,,,,,
BL23,strengthens,Lower Back,,,,,,,,,,,,,,,,,,,,,,,
BL23,nourishes,Blood,,,,,,,,,,,,,,,,,,,,,,,
BL23,benefits,Bones,,,,,,,,,,,,,,,,,,,,,,,
BL23,benefits,Marrow,,,,,,,,,,,,,,,,,,,,,,,
BL23,resolves,Damp,,,,,,,,,,,,,,,,,,,,,,,
BL23,strengthens,Kidney Function Of Reception Of Qi,,,,,,,,,,,,,,,,,,,,,,,
BL23,brightens,Eyes,,,,,,,,,,,,,,,,,,,,,,,
BL23,benefits,Ears,,,,,,,,,,,,,,,,,,,,,,,
BL24,strengthens,Lower Back,,,,,,,,,,,,,,,,,,,,,,,
BL24,removes,Channel Obstructions,,,,,,,,,,,,,,,,,,,,,,,
BL24,regulates,Qi,,,,,,,,,,,,,,,,,,,,,,,
BL24,regulates,Blood,,,,,,,,,,,,,,,,,,,,,,,
BL25,promotes,Large Intestine Function,,,,,,,,,,,,,,,,,,,,,,,
BL25,strengthens,Lower Back,,,,,,,,,,,,,,,,,,,,,,,
BL25,removes,Channel Obstructions,,,,,,,,,,,,,,,,,,,,,,,
BL25,relieves,Fullness,,,,,,,,,,,,,,,,,,,,,,,
BL25,relieves,Swelling,,,,,,,,,,,,,,,,,,,,,,,
BL26,strengthens,Lower Back,,,,,,,,,,,,,,,,,,,,,,,
BL26,removes,Channel Obstructions,,,,,,,,,,,,,,,,,,,,,,,
BL27,promotes,Small Intestine Function,,,,,,,,,,,,,,,,,,,,,,,
BL27,resolves,Damp,,,,,,,,,,,,,,,,,,,,,,,
BL27,clears,Heat,,,,,,,,,,,,,,,,,,,,,,,
BL27,benefits,Urination,,,,,,,,,,,,,,,,,,,,,,,
BL28,regulates,Bladder,,,,,,,,,,,,,,,,,,,,,,,
BL28,resolves,Damp,,,,,,,,,,,,,,,,,,,,,,,
BL28,clears,Heat,,,,,,,,,,,,,,,,,,,,,,,
BL28,stops,Pain,,,,,,,,,,,,,,,,,,,,,,,
BL28,eliminates,Stagnation,,,,,,,,,,,,,,,,,,,,,,,
BL28,opens,Lower Burner Water Passages,,,,,,,,,,,,,,,,,,,,,,,
BL28,strengthens,Loins,,,,,,,,,,,,,,,,,,,,,,,
BL29,strengthens,Lumbar Spine,,,,,,,,,,,,,,,,,,,,,,,
BL29,warms,Yang,,,,,,,,,,,,,,,,,,,,,,,
BL29,dissipates,Cold,,,,,,,,,,,,,,,,,,,,,,,
BL30,warms,Yang,,,,,,,,,,,,,,,,,,,,,,,
BL30,regulates,Menses,,,,,,,,,,,,,,,,,,,,,,,
BL30,courses,Channels,,,,,,,,,,,,,,,,,,,,,,,
BL30,rectifies,Lower Burner,,,,,,,,,,,,,,,,,,,,,,,
BL31,regulates,Lower Burner,,,,,,,,,,,,,,,,,,,,,,,
BL31,tonifies,Elumbar Region,,,,,,,,,,,,,,,,,,,,,,,
BL31,tonifies,Knees,,,,,,,,,,,,,,,,,,,,,,,
BL31,nourishes,Kidneys,,,,,,,,,,,,,,,,,,,,,,,
BL32,regulates,Lower Burner,,,,,,,,,,,,,,,,,,,,,,,
BL32,tonifies,Lumbar Region,,,,,,,,,,,,,,,,,,,,,,,
BL32,tonifies,Knees,,,,,,,,,,,,,,,,,,,,,,,
BL32,nourishes,Kidneys,,,,,,,,,,,,,,,,,,,,,,,
BL33,regulates,Lower Burner,,,,,,,,,,,,,,,,,,,,,,,
BL33,tonifies,Lumbar Region,,,,,,,,,,,,,,,,,,,,,,,
BL33,tonifies,Knees,,,,,,,,,,,,,,,,,,,,,,,
BL33,nourishes,Kidneys,,,,,,,,,,,,,,,,,,,,,,,
BL34,regulates,Lower Burner,,,,,,,,,,,,,,,,,,,,,,,
BL34,tonifies,Lumbar Region,,,,,,,,,,,,,,,,,,,,,,,
BL34,tonifies,Knees,,,,,,,,,,,,,,,,,,,,,,,
BL34,nourishes,Kidneys,,,,,,,,,,,,,,,,,,,,,,,
BL35,clears,Lower Burner Damp Heat,,,,,,,,,,,,,,,,,,,,,,,
BL35,discharges,Lower Burner Damp Heat,,,,,,,,,,,,,,,,,,,,,,,
BL36,soothes,Sinews,,,,,,,,,,,,,,,,,,,,,,,
BL36,quickens,Connecting Vessels,,,,,,,,,,,,,,,,,,,,,,,
BL37,strengthens,Lumbar Spine,,,,,,,,,,,,,,,,,,,,,,,
BL37,soothes,Sinews,,,,,,,,,,,,,,,,,,,,,,,
BL37,quickens,Connecting Vessels,,,,,,,,,,,,,,,,,,,,,,,
BL37,relieves,Pain,,,,,,,,,,,,,,,,,,,,,,,
BL38,soothes,Sinews,,,,,,,,,,,,,,,,,,,,,,,
BL38,quickens,Connecting Vessels,,,,,,,,,,,,,,,,,,,,,,,
BL38,quickens,Blood,,,,,,,,,,,,,,,,,,,,,,,
BL38,relieves,Pain,,,,,,,,,,,,,,,,,,,,,,,
BL38,clears,Lower Burner,,,,,,,,,,,,,,,,,,,,,,,
BL38,disinhibits,Lower Burner,,,,,,,,,,,,,,,,,,,,,,,
BL39,opens,Lower Burner Water Passages,,,,,,,,,,,,,,,,,,,,,,,
BL39,stimulates,Fluid Transformation,,,,,,,,,,,,,,,,,,,,,,,
BL39,stimulates,Fluids Excretion,,,,,,,,,,,,,,,,,,,,,,,
BL39,benefits,Bladder,,,,,,,,,,,,,,,,,,,,,,,
BL40,clears,Heat,,,,,,,,,,,,,,,,,,,,,,,
BL40,resolves,Damp,,,,,,,,,,,,,,,,,,,,,,,
BL40,relaxes,Sinews,,,,,,,,,,,,,,,,,,,,,,,
BL40,removes,Channel Obstructions,,,,,,,,,,,,,,,,,,,,,,,
BL40,cools,Blood,,,,,,,,,,,,,,,,,,,,,,,
BL40,eliminates,Blood Stasis,,,,,,,,,,,,,,,,,,,,,,,
BL40,clears,Summer Heat,,,,,,,,,,,,,,,,,,,,,,,
BL41,courses,Wind,,,,,,,,,,,,,,,,,,,,,,,
BL41,dissipates,Cold,,,,,,,,,,,,,,,,,,,,,,,
BL41,soothes,Sinews,,,,,,,,,,,,,,,,,,,,,,,
BL41,quickens,Connecting Vessels,,,,,,,,,,,,,,,,,,,,,,,
BL42,stimulates,Lung Qi Descending,,,,,,,,,,,,,,,,,,,,,,,
BL42,regulates,Qi,,,,,,,,,,,,,,,,,,,,,,,
BL42,clears,Heat,,,,,,,,,,,,,,,,,,,,,,,
BL42,stops,Cough,,,,,,,,,,,,,,,,,,,,,,,
BL42,stops,Asthma,,,,,,,,,,,,,,,,,,,,,,,
BL42,subdues,Rebellious Qi,,,,,,,,,,,,,,,,,,,,,,,
BL43,tonifies,Qi,,,,,,,,,,,,,,,,,,,,,,,
BL43,strengthens,Deficiency,,,,,,,,,,,,,,,,,,,,,,,
BL43,nourishes,Essence,,,,,,,,,,,,,,,,,,,,,,,
BL43,nourishes,Lung Yin,,,,,,,,,,,,,,,,,,,,,,,
BL43,invigorates,Mind,,,,,,,,,,,,,,,,,,,,,,,
BL43,stops,Cough,,,,,,,,,,,,,,,,,,,,,,,
BL43,calms,Asthma,,,,,,,,,,,,,,,,,,,,,,,
BL44,loosens,Chest,,,,,,,,,,,,,,,,,,,,,,,
BL44,rectifies,Qi,,,,,,,,,,,,,,,,,,,,,,,
BL44,suppresses,Cough,,,,,,,,,,,,,,,,,,,,,,,
BL44,stabilizes,Dyspnea,,,,,,,,,,,,,,,,,,,,,,,
BL44,soothes,Sinews,,,,,,,,,,,,,,,,,,,,,,,
BL44,quickens,Connecting Vessels,,,,,,,,,,,,,,,,,,,,,,,
BL45,resolves,Exterior,,,,,,,,,,,,,,,,,,,,,,,
BL45,clears,Heat,,,,,,,,,,,,,,,,,,,,,,,
BL45,diffuses,Lungs,,,,,,,,,,,,,,,,,,,,,,,
BL45,rectifies,Qi,,,,,,,,,,,,,,,,,,,,,,,
BL45,frees,Channels,,,,,,,,,,,,,,,,,,,,,,,
BL45,quickens,Connecting Vessels,,,,,,,,,,,,,,,,,,,,,,,
BL46,stops,Dysphagia,,,,,,,,,,,,,,,,,,,,,,,
BL46,stops,Hiccups,,,,,,,,,,,,,,,,,,,,,,,
BL46,stops,Vomiting,,,,,,,,,,,,,,,,,,,,,,,
BL46,stops,Belching,,,,,,,,,,,,,,,,,,,,,,,
BL46,relieves,Back Pain,,,,,,,,,,,,,,,,,,,,,,,
BL46,relieves,Back Stiffness,,,,,,,,,,,,,,,,,,,,,,,
BL47,regulates,Liver Qi,,,,,,,,,,,,,,,,,,,,,,,
BL47,roots,Ethereal Soul,,,,,,,,,,,,,,,,,,,,,,,
BL48,clears,Gallbladder,,,,,,,,,,,,,,,,,,,,,,,
BL48,clears,Stomach,,,,,,,,,,,,,,,,,,,,,,,
BL48,transforms,Damp Heat,,,,,,,,,,,,,,,,,,,,,,,
BL49,tonifies,Spleen,,,,,,,,,,,,,,,,,,,,,,,
BL49,stimulates,Memory,,,,,,,,,,,,,,,,,,,,,,,
BL49,stimulates,Concentration,,,,,,,,,,,,,,,,,,,,,,,
BL50,harmonizes,Stomach,,,,,,,,,,,,,,,,,,,,,,,
BL50,transforms,Damp,,,,,,,,,,,,,,,,,,,,,,,
BL50,rectifies,Qi,,,,,,,,,,,,,,,,,,,,,,,
BL50,disinhibits,Center,,,,,,,,,,,,,,,,,,,,,,,
BL51,regulates,Triple Burner,,,,,,,,,,,,,,,,,,,,,,,
BL51,ensures,Smooth Triple Burner Qi Spread,,,,,,,,,,,,,,,,,,,,,,,
BL52,tonifies,Kidney,,,,,,,,,,,,,,,,,,,,,,,
BL52,strengthens,Back,,,,,,,,,,,,,,,,,,,,,,,
BL52,reinforces,Will Power,,,,,,,,,,,,,,,,,,,,,,,
BL53,opens,Lower Burner Water Passages,,,,,,,,,,,,,,,,,,,,,,,
BL53,stimulates,Fluids Transformation,,,,,,,,,,,,,,,,,,,,,,,
BL53,stimulates,Fluids Excretion,,,,,,,,,,,,,,,,,,,,,,,
BL54,relaxes,Sinews,,,,,,,,,,,,,,,,,,,,,,,
BL54,invigorates,Blood,,,,,,,,,,,,,,,,,,,,,,,
BL54,clears,Heat,,,,,,,,,,,,,,,,,,,,,,,
BL54,removes,Channel Obstructions,,,,,,,,,,,,,,,,,,,,,,,
BL55,strengthens,Lumbus,,,,,,,,,,,,,,,,,,,,,,,
BL55,boosts,Kidney,,,,,,,,,,,,,,,,,,,,,,,
BL55,soothes,Sinews,,,,,,,,,,,,,,,,,,,,,,,
BL55,quickens,Connecting Vessels,,,,,,,,,,,,,,,,,,,,,,,
BL55,regulates,Penetrating Vessels,,,,,,,,,,,,,,,,,,,,,,,
BL55,regulates,Conception Vessels,,,,,,,,,,,,,,,,,,,,,,,
BL56,soothes,Sinews,,,,,,,,,,,,,,,,,,,,,,,
BL56,quickens,Connecting Vessels,,,,,,,,,,,,,,,,,,,,,,,
BL57,relaxes,Sinews,,,,,,,,,,,,,,,,,,,,,,,
BL57,invigorates,Blood,,,,,,,,,,,,,,,,,,,,,,,
BL57,clears,Heat,,,,,,,,,,,,,,,,,,,,,,,
BL57,removes,Channel Obstructions,,,,,,,,,,,,,,,,,,,,,,,
BL58,removes,Channel Obstructions,,,,,,,,,,,,,,,,,,,,,,,
BL58,strengthens,Kidney,,,,,,,,,,,,,,,,,,,,,,,
BL59,removes,Channel Obstructions,,,,,,,,,,,,,,,,,,,,,,,
BL59,invigorates,Yang Qiao Mai Vessel,,,,,,,,,,,,,,,,,,,,,,,
BL59,strengthens,Back,,,,,,,,,,,,,,,,,,,,,,,
BL60,expels,Wind,,,,,,,,,,,,,,,,,,,,,,,
BL60,removes,Channel Obstructions,,,,,,,,,,,,,,,,,,,,,,,
BL60,relaxes,Sinews,,,,,,,,,,,,,,,,,,,,,,,
BL60,clears,Heat,,,,,,,,,,,,,,,,,,,,,,,
BL60,invigorates,Blood,,,,,,,,,,,,,,,,,,,,,,,
BL60,strengthens,Back,,,,,,,,,,,,,,,,,,,,,,,
BL61,frees,Channels,,,,,,,,,,,,,,,,,,,,,,,
BL61,quickens,Connecting Vessels,,,,,,,,,,,,,,,,,,,,,,,
BL61,disperses,Swelling,,,,,,,,,,,,,,,,,,,,,,,
BL61,relieves,Pain,,,,,,,,,,,,,,,,,,,,,,,
BL62,removes,Channel Obstructions,,,,,,,,,,,,,,,,,,,,,,,
BL62,benefits,Eyes,,,,,,,,,,,,,,,,,,,,,,,
BL62,relaxes,Sinews,,,,,,,,,,,,,,,,,,,,,,,
BL62,opens,Yang Qiao Mai Vessel,,,,,,,,,,,,,,,,,,,,,,,
BL62,clears,Mind,,,,,,,,,,,,,,,,,,,,,,,
BL62,eliminates,Interior Wind,,,,,,,,,,,,,,,,,,,,,,,
BL63,soothes,Sinews,,,,,,,,,,,,,,,,,,,,,,,
BL63,quickens,Connecting Vessels,,,,,,,,,,,,,,,,,,,,,,,
BL63,opens,Portals,,,,,,,,,,,,,,,,,,,,,,,
BL63,quiets,Spirit,,,,,,,,,,,,,,,,,,,,,,,
BL64,frees,Channels,,,,,,,,,,,,,,,,,,,,,,,
BL64,quickens,Connecting Vessels,,,,,,,,,,,,,,,,,,,,,,,
BL64,quiets,Heart,,,,,,,,,,,,,,,,,,,,,,,
BL64,quiets,Spirit,,,,,,,,,,,,,,,,,,,,,,,
BL64,dissipates,Wind,,,,,,,,,,,,,,,,,,,,,,,
BL64,clears,Heat,,,,,,,,,,,,,,,,,,,,,,,
BL65,removes,Channel Obstructions,,,,,,,,,,,,,,,,,,,,,,,
BL65,clears,Heat,,,,,,,,,,,,,,,,,,,,,,,
BL65,eliminates,Wind,,,,,,,,,,,,,,,,,,,,,,,
BL66,clears,Heat,,,,,,,,,,,,,,,,,,,,,,,
BL66,removes,Channel Obstructions,,,,,,,,,,,,,,,,,,,,,,,
BL66,eliminates,Wind,,,,,,,,,,,,,,,,,,,,,,,
BL67,eliminates,Wind,,,,,,,,,,,,,,,,,,,,,,,
BL67,removes,Channel Obstructions,,,,,,,,,,,,,,,,,,,,,,,
BL67,invigorates,Blood,,,,,,,,,,,,,,,,,,,,,,,
BL67,clears,Eyes,,,,,,,,,,,,,,,,,,,,,,,
KI1,tonifies,Yin,,,,,,,,,,,,,,,,,,,,,,,
KI1,clears,Heat,,,,,,,,,,,,,,,,,,,,,,,
KI1,subdues,Wind,,,,,,,,,,,,,,,,,,,,,,,
KI1,subdues,Empty Heat,,,,,,,,,,,,,,,,,,,,,,,
KI1,calms,Mind,,,,,,,,,,,,,,,,,,,,,,,
KI1,restores,Consciousness,,,,,,,,,,,,,,,,,,,,,,,
KI1,clears,Brain,,,,,,,,,,,,,,,,,,,,,,,
KI2,clears,Empty Heat,,,,,,,,,,,,,,,,,,,,,,,
KI2,cools,Blood,,,,,,,,,,,,,,,,,,,,,,,
KI2,invigorates,Yin Qiao Mai Vessel,,,,,,,,,,,,,,,,,,,,,,,
KI3,tonifies,Kidney,,,,,,,,,,,,,,,,,,,,,,,
KI3,benefits,Essence,,,,,,,,,,,,,,,,,,,,,,,
KI3,strengthens,Lower Back,,,,,,,,,,,,,,,,,,,,,,,
KI3,strengthens,Knees,,,,,,,,,,,,,,,,,,,,,,,
KI3,regulates,Uterus,,,,,,,,,,,,,,,,,,,,,,,
KI4,strengthens,Back,,,,,,,,,,,,,,,,,,,,,,,
KI4,lifts,Spirit,,,,,,,,,,,,,,,,,,,,,,,
KI5,benefits,Urination,,,,,,,,,,,,,,,,,,,,,,,
KI5,promotes,Blood Circulation,,,,,,,,,,,,,,,,,,,,,,,
KI5,stops,Abdominal Pain,,,,,,,,,,,,,,,,,,,,,,,
KI5,regulates,Uterus,,,,,,,,,,,,,,,,,,,,,,,
KI6,nourishes,Yin,,,,,,,,,,,,,,,,,,,,,,,
KI6,benefits,Eyes,,,,,,,,,,,,,,,,,,,,,,,
KI6,calms,Mind,,,,,,,,,,,,,,,,,,,,,,,
KI6,invigorates,Yin Qiao Mai Vessel,,,,,,,,,,,,,,,,,,,,,,,
KI6,cools,Blood,,,,,,,,,,,,,,,,,,,,,,,
KI6,benefits,Throat,,,,,,,,,,,,,,,,,,,,,,,
KI6,promotes,Uterus Function,,,,,,,,,,,,,,,,,,,,,,,
KI6,opens,Chest,,,,,,,,,,,,,,,,,,,,,,,
KI6,cools,Heat,,,,,,,,,,,,,,,,,,,,,,,
KI6,calms,Spirit,,,,,,,,,,,,,,,,,,,,,,,
KI7,tonifies,Kidneys,,,,,,,,,,,,,,,,,,,,,,,
KI7,resolves,Damp,,,,,,,,,,,,,,,,,,,,,,,
KI7,eliminates,Edema,,,,,,,,,,,,,,,,,,,,,,,
KI7,strengthens,Lower Back,,,,,,,,,,,,,,,,,,,,,,,
KI7,regulates,Sweating,,,,,,,,,,,,,,,,,,,,,,,
KI8,removes,Channel Obstructions,,,,,,,,,,,,,,,,,,,,,,,
KI8,stops,Abdominal Pain,,,,,,,,,,,,,,,,,,,,,,,
KI8,removes,Masses,,,,,,,,,,,,,,,,,,,,,,,
KI8,regulates,Menses,,,,,,,,,,,,,,,,,,,,,,,
KI9,calms,Mind,,,,,,,,,,,,,,,,,,,,,,,
KI9,tonifies,Kidney Yin,,,,,,,,,,,,,,,,,,,,,,,
KI9,opens,Chest,,,,,,,,,,,,,,,,,,,,,,,
KI9,regulates,Yin Wei Mai Vessel,,,,,,,,,,,,,,,,,,,,,,,
KI10,expels,Dampness,,,,,,,,,,,,,,,,,,,,,,,
KI10,tonifies,Kidney Yin,,,,,,,,,,,,,,,,,,,,,,,
KI11,boosts,Stomach,,,,,,,,,,,,,,,,,,,,,,,
KI11,disinhibits,Damp,,,,,,,,,,,,,,,,,,,,,,,
KI12,supplements,Kidney Qi,,,,,,,,,,,,,,,,,,,,,,,
KI12,regulates,Penetrating Vessels,,,,,,,,,,,,,,,,,,,,,,,
KI12,regulates,Conception Vessels,,,,,,,,,,,,,,,,,,,,,,,
KI13,tonifies,Kidney,,,,,,,,,,,,,,,,,,,,,,,
KI13,tonifies,Essence,,,,,,,,,,,,,,,,,,,,,,,
KI13,removes,Channel Obstructions,,,,,,,,,,,,,,,,,,,,,,,
KI14,supplements,Kidney Qi,,,,,,,,,,,,,,,,,,,,,,,
KI14,regulates,Penetrating Vessels,,,,,,,,,,,,,,,,,,,,,,,
KI14,regulates,Conception Vessels,,,,,,,,,,,,,,,,,,,,,,,
KI14,promotes,Free Flow Through Waterway,,,,,,,,,,,,,,,,,,,,,,,
KI15,nourishes,Kidney Channels,,,,,,,,,,,,,,,,,,,,,,,
KI15,regulates,Penetrating Vessels,,,,,,,,,,,,,,,,,,,,,,,
KI15,regulates,Conception Vessels,,,,,,,,,,,,,,,,,,,,,,,
KI15,disinhibits,Lower Burner,,,,,,,,,,,,,,,,,,,,,,,
KI16,removes,Channel Obstructions,,,,,,,,,,,,,,,,,,,,,,,
KI16,tonifies,Kidneys,,,,,,,,,,,,,,,,,,,,,,,
KI16,benefits,Heart,,,,,,,,,,,,,,,,,,,,,,,
KI17,fortifies,Spleen,,,,,,,,,,,,,,,,,,,,,,,
KI17,disinhibits,Damp,,,,,,,,,,,,,,,,,,,,,,,
KI17,soothes,Sinews,,,,,,,,,,,,,,,,,,,,,,,
KI17,quickens,Connecting Vessels,,,,,,,,,,,,,,,,,,,,,,,
KI18,fortifies,Center,,,,,,,,,,,,,,,,,,,,,,,
KI18,harmonizes,Stomach,,,,,,,,,,,,,,,,,,,,,,,
KI18,frees,Intestines,,,,,,,,,,,,,,,,,,,,,,,
KI18,abducts,Stagnation,,,,,,,,,,,,,,,,,,,,,,,
KI19,fortifies,Spleen,,,,,,,,,,,,,,,,,,,,,,,
KI19,harmonizes,Stomach,,,,,,,,,,,,,,,,,,,,,,,
KI19,regulates,Qi,,,,,,,,,,,,,,,,,,,,,,,
KI19,frees,Abdominal Qi,,,,,,,,,,,,,,,,,,,,,,,
KI19,regulates,Penetrating Vessels,,,,,,,,,,,,,,,,,,,,,,,
KI19,regulates,Conception Vessels,,,,,,,,,,,,,,,,,,,,,,,
KI20,fortifies,Spleen,,,,,,,,,,,,,,,,,,,,,,,
KI20,harmonizes,Stomach,,,,,,,,,,,,,,,,,,,,,,,
KI20,loosens,Chest,,,,,,,,,,,,,,,,,,,,,,,
KI20,rectifies,Qi,,,,,,,,,,,,,,,,,,,,,,,
KI21,courses,Liver,,,,,,,,,,,,,,,,,,,,,,,
KI21,rectifies,Qi,,,,,,,,,,,,,,,,,,,,,,,
KI21,fortifies,Spleen,,,,,,,,,,,,,,,,,,,,,,,
KI21,harmonizes,Stomach,,,,,,,,,,,,,,,,,,,,,,,
KI21,clears,Abdominal Heat,,,,,,,,,,,,,,,,,,,,,,,
KI22,diffuses,Lungs,,,,,,,,,,,,,,,,,,,,,,,
KI22,suppresses,Cough,,,,,,,,,,,,,,,,,,,,,,,
KI22,downbears,Bounterflow,,,,,,,,,,,,,,,,,,,,,,,
KI22,stops,Vomiting,,,,,,,,,,,,,,,,,,,,,,,
KI23,tonifies,Kidneys,,,,,,,,,,,,,,,,,,,,,,,
KI23,calms,Mind,,,,,,,,,,,,,,,,,,,,,,,
KI24,tonifies,Kidneys,,,,,,,,,,,,,,,,,,,,,,,
KI24,calms,Mind,,,,,,,,,,,,,,,,,,,,,,,
KI25,tonifies,Kidneys,,,,,,,,,,,,,,,,,,,,,,,
KI25,calms,Mind,,,,,,,,,,,,,,,,,,,,,,,
KI26,loosens,Chest,,,,,,,,,,,,,,,,,,,,,,,
KI26,promotes,Qi Smooth Flow,,,,,,,,,,,,,,,,,,,,,,,
KI26,calms,Dyspnea,,,,,,,,,,,,,,,,,,,,,,,
KI26,relieves,Cough,,,,,,,,,,,,,,,,,,,,,,,
KI27,stimulates,Kidney Function Of Reception Of Qi,,,,,,,,,,,,,,,,,,,,,,,
KI27,subdues,Rebellious Qi,,,,,,,,,,,,,,,,,,,,,,,
KI27,stops,Cough,,,,,,,,,,,,,,,,,,,,,,,
KI27,calms,Asthma,,,,,,,,,,,,,,,,,,,,,,,
KI27,resolves,Phlegm,,,,,,,,,,,,,,,,,,,,,,,
PC1,opens,Chest,,,,,,,,,,,,,,,,,,,,,,,
PC1,rectifies,Qi,,,,,,,,,,,,,,,,,,,,,,,
PC1,suppresses,Cough,,,,,,,,,,,,,,,,,,,,,,,
PC1,calms,Dyspnea,,,,,,,,,,,,,,,,,,,,,,,
PC1,diffuses,Lungs,,,,,,,,,,,,,,,,,,,,,,,
PC1,clears,Heat,,,,,,,,,,,,,,,,,,,,,,,
PC2,opens,Chest,,,,,,,,,,,,,,,,,,,,,,,
PC2,rectifies,Qi,,,,,,,,,,,,,,,,,,,,,,,
PC2,nourishes,Heart,,,,,,,,,,,,,,,,,,,,,,,
PC2,calms,Spirit,,,,,,,,,,,,,,,,,,,,,,,
PC2,quickens,Blood,,,,,,,,,,,,,,,,,,,,,,,
PC2,transforms,Stasis,,,,,,,,,,,,,,,,,,,,,,,
PC2,relieves,Pain,,,,,,,,,,,,,,,,,,,,,,,
PC3,pacifies,Stomach,,,,,,,,,,,,,,,,,,,,,,,
PC3,clears,Heat,,,,,,,,,,,,,,,,,,,,,,,
PC3,cools,Blood,,,,,,,,,,,,,,,,,,,,,,,
PC3,expels,Fire Poison,,,,,,,,,,,,,,,,,,,,,,,
PC3,opens,Orifices,,,,,,,,,,,,,,,,,,,,,,,
PC3,stops,Convulsions,,,,,,,,,,,,,,,,,,,,,,,
PC3,moves,Blood,,,,,,,,,,,,,,,,,,,,,,,
PC3,dispels,Stasis,,,,,,,,,,,,,,,,,,,,,,,
PC3,calms,Mind,,,,,,,,,,,,,,,,,,,,,,,
PC4,removes,Channel Obstructions,,,,,,,,,,,,,,,,,,,,,,,
PC4,stops,Pain,,,,,,,,,,,,,,,,,,,,,,,
PC4,calms,Heart,,,,,,,,,,,,,,,,,,,,,,,
PC4,opens,Chest,,,,,,,,,,,,,,,,,,,,,,,
PC4,regulates,Blood,,,,,,,,,,,,,,,,,,,,,,,
PC4,cools,Blood,,,,,,,,,,,,,,,,,,,,,,,
PC4,strengthens,Mind,,,,,,,,,,,,,,,,,,,,,,,
PC5,resolves,Heart Phlegm,,,,,,,,,,,,,,,,,,,,,,,
PC5,regulates,Heart Qi,,,,,,,,,,,,,,,,,,,,,,,
PC5,opens,Chest,,,,,,,,,,,,,,,,,,,,,,,
PC5,regulates,Stomach,,,,,,,,,,,,,,,,,,,,,,,
PC5,regulates,Heat,,,,,,,,,,,,,,,,,,,,,,,
PC6,opens,Chest,,,,,,,,,,,,,,,,,,,,,,,
PC6,regulates,Heart Qi,,,,,,,,,,,,,,,,,,,,,,,
PC6,regulates,Heart Blood,,,,,,,,,,,,,,,,,,,,,,,
PC6,regulates,Triple Burner,,,,,,,,,,,,,,,,,,,,,,,
PC6,clears,Triple Burner,,,,,,,,,,,,,,,,,,,,,,,
PC6,calms,Mind,,,,,,,,,,,,,,,,,,,,,,,
PC6,regulates,Terminal Yin,,,,,,,,,,,,,,,,,,,,,,,
PC6,harmonizes,Stomach,,,,,,,,,,,,,,,,,,,,,,,
PC7,calms,Mind,,,,,,,,,,,,,,,,,,,,,,,
PC7,clears,Heat,,,,,,,,,,,,,,,,,,,,,,,
PC8,clears,Heart Fire,,,,,,,,,,,,,,,,,,,,,,,
PC8,calms,Mind,,,,,,,,,,,,,,,,,,,,,,,
PC9,clears,Heat,,,,,,,,,,,,,,,,,,,,,,,
PC9,restores,Consciousness,,,,,,,,,,,,,,,,,,,,,,,
PC9,expels,Wind,,,,,,,,,,,,,,,,,,,,,,,
TE1,clears,Heat,,,,,,,,,,,,,,,,,,,,,,,
TE1,expels,Wind,,,,,,,,,,,,,,,,,,,,,,,
TE1,invigorates,Blood,,,,,,,,,,,,,,,,,,,,,,,
TE1,restores,Consciousness,,,,,,,,,,,,,,,,,,,,,,,
TE1,stops,Convulsions,,,,,,,,,,,,,,,,,,,,,,,
TE2,clears,Heat,,,,,,,,,,,,,,,,,,,,,,,
TE2,expels,Wind,,,,,,,,,,,,,,,,,,,,,,,
TE2,benefits,Ears,,,,,,,,,,,,,,,,,,,,,,,
TE2,removes,Channel Obstructions,,,,,,,,,,,,,,,,,,,,,,,
TE3,clears,Heat,,,,,,,,,,,,,,,,,,,,,,,
TE3,expels,Wind,,,,,,,,,,,,,,,,,,,,,,,
TE3,benefits,Ears,,,,,,,,,,,,,,,,,,,,,,,
TE3,lifts,Mind,,,,,,,,,,,,,,,,,,,,,,,
TE3,removes,Channel Obstructions,,,,,,,,,,,,,,,,,,,,,,,
TE3,regulates,Qi,,,,,,,,,,,,,,,,,,,,,,,
TE4,relaxes,Sinews,,,,,,,,,,,,,,,,,,,,,,,
TE4,removes,Channel Obstructions,,,,,,,,,,,,,,,,,,,,,,,
TE4,clears,Heat,,,,,,,,,,,,,,,,,,,,,,,
TE4,regulates,Stomach,,,,,,,,,,,,,,,,,,,,,,,
TE4,promotes,Fluids Transformation,,,,,,,,,,,,,,,,,,,,,,,
TE4,benefits,Original Qi,,,,,,,,,,,,,,,,,,,,,,,
TE4,tonifies,Penetrating Vessels,,,,,,,,,,,,,,,,,,,,,,,
TE4,tonifies,Directing Vessels,,,,,,,,,,,,,,,,,,,,,,,
TE5,expels,Wind Heat,,,,,,,,,,,,,,,,,,,,,,,
TE5,releases,Exterior,,,,,,,,,,,,,,,,,,,,,,,
TE5,removes,Channel Obstructions,,,,,,,,,,,,,,,,,,,,,,,
TE5,benefits,Ears,,,,,,,,,,,,,,,,,,,,,,,
TE5,subdues,Liver Yang,,,,,,,,,,,,,,,,,,,,,,,
TE6,regulates,Qi,,,,,,,,,,,,,,,,,,,,,,,
TE6,removes,Channel Obstructions,,,,,,,,,,,,,,,,,,,,,,,
TE6,removes,Large Intestine Obstruction,,,,,,,,,,,,,,,,,,,,,,,
TE6,clears,Heat,,,,,,,,,,,,,,,,,,,,,,,
TE6,expels,Wind,,,,,,,,,,,,,,,,,,,,,,,
TE7,removes,Channel Obstructions,,,,,,,,,,,,,,,,,,,,,,,
TE7,benefits,Eyes,,,,,,,,,,,,,,,,,,,,,,,
TE7,benefits,Ears,,,,,,,,,,,,,,,,,,,,,,,
TE7,stops,Pain,,,,,,,,,,,,,,,,,,,,,,,
TE8,clears,Heat,,,,,,,,,,,,,,,,,,,,,,,
TE8,removes,Channel Obstructions,,,,,,,,,,,,,,,,,,,,,,,
TE9,courses,Channels,,,,,,,,,,,,,,,,,,,,,,,
TE9,quickens,Connecting Vessels,,,,,,,,,,,,,,,,,,,,,,,
TE9,frees,Waterways,,,,,,,,,,,,,,,,,,,,,,,
TE9,regulates,Waterways,,,,,,,,,,,,,,,,,,,,,,,
TE9,disinhibits,Throat,,,,,,,,,,,,,,,,,,,,,,,
TE9,opens,Portals,,,,,,,,,,,,,,,,,,,,,,,
TE10,relaxes,Tendons,,,,,,,,,,,,,,,,,,,,,,,
TE10,resolves,Damp,,,,,,,,,,,,,,,,,,,,,,,
TE10,resolves,Phlegm,,,,,,,,,,,,,,,,,,,,,,,
TE10,dispels,Masses,,,,,,,,,,,,,,,,,,,,,,,
TE10,clears,Heat,,,,,,,,,,,,,,,,,,,,,,,
TE10,dispels,Stagnation,,,,,,,,,,,,,,,,,,,,,,,
TE10,regulates,Nutritive Qi,,,,,,,,,,,,,,,,,,,,,,,
TE10,regulates,Defensive Qi,,,,,,,,,,,,,,,,,,,,,,,
TE11,frees,Channels,,,,,,,,,,,,,,,,,,,,,,,
TE11,frees,Connecting Vessels,,,,,,,,,,,,,,,,,,,,,,,
TE11,clears,Heat,,,,,,,,,,,,,,,,,,,,,,,
TE11,drains,Fire,,,,,,,,,,,,,,,,,,,,,,,
TE12,courses,Channels,,,,,,,,,,,,,,,,,,,,,,,
TE12,quickens,Connecting Vessels,,,,,,,,,,,,,,,,,,,,,,,
TE12,moves,Qi,,,,,,,,,,,,,,,,,,,,,,,
TE12,clears,Depressed Heat,,,,,,,,,,,,,,,,,,,,,,,
TE12,drains,Depressed Heat,,,,,,,,,,,,,,,,,,,,,,,
TE13,clears,Pathogenic Heat,,,,,,,,,,,,,,,,,,,,,,,
TE13,discharges,Pathogenic Heat,,,,,,,,,,,,,,,,,,,,,,,
TE13,frees,Channels,,,,,,,,,,,,,,,,,,,,,,,
TE13,frees,Connecting Vessels,,,,,,,,,,,,,,,,,,,,,,,
TE13,disinhibits,Joints,,,,,,,,,,,,,,,,,,,,,,,
TE14,dispels,Wind,,,,,,,,,,,,,,,,,,,,,,,
TE14,overcomes,Damp,,,,,,,,,,,,,,,,,,,,,,,
TE14,moves,Qi,,,,,,,,,,,,,,,,,,,,,,,
TE14,quickens,Blood,,,,,,,,,,,,,,,,,,,,,,,
TE14,relieves,Pain,,,,,,,,,,,,,,,,,,,,,,,
TE15,dispels,Wind,,,,,,,,,,,,,,,,,,,,,,,
TE15,eliminates,Damp,,,,,,,,,,,,,,,,,,,,,,,
TE15,frees,Channels,,,,,,,,,,,,,,,,,,,,,,,
TE15,quickens,Connecting Vessels,,,,,,,,,,,,,,,,,,,,,,,
TE15,relieves,Pain,,,,,,,,,,,,,,,,,,,,,,,
TE16,clears,Heat,,,,,,,,,,,,,,,,,,,,,,,
TE16,drains,Fire,,,,,,,,,,,,,,,,,,,,,,,
TE16,dispels,Wind,,,,,,,,,,,,,,,,,,,,,,,
TE16,eliminates,Damp,,,,,,,,,,,,,,,,,,,,,,,
TE16,reduces,Swelling,,,,,,,,,,,,,,,,,,,,,,,
TE16,stops,Pain,,,,,,,,,,,,,,,,,,,,,,,
TE16,frees,Channels,,,,,,,,,,,,,,,,,,,,,,,
TE16,quickens,Connecting Vessels,,,,,,,,,,,,,,,,,,,,,,,
TE17,expels,Wind,,,,,,,,,,,,,,,,,,,,,,,
TE17,benefits,Ears,,,,,,,,,,,,,,,,,,,,,,,
TE18,clears,Heat,,,,,,,,,,,,,,,,,,,,,,,
TE18,resolves,Tetany,,,,,,,,,,,,,,,,,,,,,,,
TE18,quickens,Connecting Vessels,,,,,,,,,,,,,,,,,,,,,,,
TE18,relieves,Pain,,,,,,,,,,,,,,,,,,,,,,,
TE18,opens,Portals,,,,,,,,,,,,,,,,,,,,,,,
TE19,courses,Wind,,,,,,,,,,,,,,,,,,,,,,,
TE19,quickens,Connecting Vessels,,,,,,,,,,,,,,,,,,,,,,,
TE19,frees,Channels,,,,,,,,,,,,,,,,,,,,,,,
TE19,relieves,Pain,,,,,,,,,,,,,,,,,,,,,,,
TE19,quiets,Spirit,,,,,,,,,,,,,,,,,,,,,,,
TE19,settles,Fright,,,,,,,,,,,,,,,,,,,,,,,
TE20,clears,Head,,,,,,,,,,,,,,,,,,,,,,,
TE20,brightens,Eyes,,,,,,,,,,,,,,,,,,,,,,,
TE20,courses,Wind,,,,,,,,,,,,,,,,,,,,,,,
TE20,quickens,Connecting Vessels,,,,,,,,,,,,,,,,,,,,,,,
TE21,courses,Channels,,,,,,,,,,,,,,,,,,,,,,,
TE21,quickens,Connecting Vessels,,,,,,,,,,,,,,,,,,,,,,,
TE21,opens,Portals,,,,,,,,,,,,,,,,,,,,,,,
TE21,boosts,Hearing,,,,,,,,,,,,,,,,,,,,,,,
TE22,dispels,Wind,,,,,,,,,,,,,,,,,,,,,,,
TE22,frees,Connecting Vessels,,,,,,,,,,,,,,,,,,,,,,,
TE22,opens,Portals,,,,,,,,,,,,,,,,,,,,,,,
TE23,expels,Wind,,,,,,,,,,,,,,,,,,,,,,,
TE23,brightens,Eyes,,,,,,,,,,,,,,,,,,,,,,,
TE23,stops,Pain,,,,,,,,,,,,,,,,,,,,,,,
GB1,expels,Wind Heat,,,,,,,,,,,,,,,,,,,,,,,
GB1,clears,Fire,,,,,,,,,,,,,,,,,,,,,,,
GB1,brightens,Eyes,,,,,,,,,,,,,,,,,,,,,,,
GB2,removes,Channel Obstructions,,,,,,,,,,,,,,,,,,,,,,,
GB2,benefits,Ears,,,,,,,,,,,,,,,,,,,,,,,
GB2,expels,Exterior Wind,,,,,,,,,,,,,,,,,,,,,,,
GB3,frees,Channels,,,,,,,,,,,,,,,,,,,,,,,
GB3,quickens,Connecting,,,,,,,,,,,,,,,,,,,,,,,
GB3,boosts,Hearing,,,,,,,,,,,,,,,,,,,,,,,
GB4,courses,Wind,,,,,,,,,,,,,,,,,,,,,,,
GB4,quickens,Connecting Vessels,,,,,,,,,,,,,,,,,,,,,,,
GB4,clears,Heat,,,,,,,,,,,,,,,,,,,,,,,
GB4,settles,Fright,,,,,,,,,,,,,,,,,,,,,,,
GB4,relieves,Pain,,,,,,,,,,,,,,,,,,,,,,,
GB5,courses,Wind,,,,,,,,,,,,,,,,,,,,,,,
GB5,quickens,Connecting Vessels,,,,,,,,,,,,,,,,,,,,,,,
GB5,disperses,Swelling,,,,,,,,,,,,,,,,,,,,,,,
GB5,relieves,Pain,,,,,,,,,,,,,,,,,,,,,,,
GB6,removes,Channel Obstructions,,,,,,,,,,,,,,,,,,,,,,,
GB6,benefits,Ears,,,,,,,,,,,,,,,,,,,,,,,
GB7,clears,Heat,,,,,,,,,,,,,,,,,,,,,,,
GB7,disperses,Swelling,,,,,,,,,,,,,,,,,,,,,,,
GB7,extinguishes,Wind,,,,,,,,,,,,,,,,,,,,,,,
GB7,relieves,Pain,,,,,,,,,,,,,,,,,,,,,,,
GB8,removes,Channel Obstructions,,,,,,,,,,,,,,,,,,,,,,,
GB8,benefits,Ears,,,,,,,,,,,,,,,,,,,,,,,
GB9,removes,Channel Obstructions,,,,,,,,,,,,,,,,,,,,,,,
GB9,subdues,Rising Qi,,,,,,,,,,,,,,,,,,,,,,,
GB9,eliminates,Interior Wind,,,,,,,,,,,,,,,,,,,,,,,
GB9,calms,Spasms,,,,,,,,,,,,,,,,,,,,,,,
GB9,calms,Mind,,,,,,,,,,,,,,,,,,,,,,,
GB10,courses,Liver,,,,,,,,,,,,,,,,,,,,,,,
GB10,disinhibits,Liver,,,,,,,,,,,,,,,,,,,,,,,
GB10,courses,Gallbladder,,,,,,,,,,,,,,,,,,,,,,,
GB10,disinhibits,Gallbladder,,,,,,,,,,,,,,,,,,,,,,,
GB10,dissipates,Wind,,,,,,,,,,,,,,,,,,,,,,,
GB10,frees,Connecting Vessels,,,,,,,,,,,,,,,,,,,,,,,
GB11,clears,Heat,,,,,,,,,,,,,,,,,,,,,,,
GB11,disinhibits,Gallbladder Damp Heat,,,,,,,,,,,,,,,,,,,,,,,
GB11,frees,Ears,,,,,,,,,,,,,,,,,,,,,,,
GB11,disinhibits,Throat,,,,,,,,,,,,,,,,,,,,,,,
GB12,eliminates,Wind,,,,,,,,,,,,,,,,,,,,,,,
GB12,calms,Spasms,,,,,,,,,,,,,,,,,,,,,,,
GB12,subdues,Rising Qi,,,,,,,,,,,,,,,,,,,,,,,
GB12,calms,Mind,,,,,,,,,,,,,,,,,,,,,,,
GB13,eliminates,Wind,,,,,,,,,,,,,,,,,,,,,,,
GB13,gathers,Essence,,,,,,,,,,,,,,,,,,,,,,,
GB13,clears,Brain,,,,,,,,,,,,,,,,,,,,,,,
GB14,eliminates,Exterior Wind,,,,,,,,,,,,,,,,,,,,,,,
GB14,subdues,Rising Qi,,,,,,,,,,,,,,,,,,,,,,,
GB15,regulates,Mind,,,,,,,,,,,,,,,,,,,,,,,
GB15,balances,Emotions,,,,,,,,,,,,,,,,,,,,,,,
GB15,clears,Brain,,,,,,,,,,,,,,,,,,,,,,,
GB15,brightens,Eyes,,,,,,,,,,,,,,,,,,,,,,,
GB15,frees,Nose,,,,,,,,,,,,,,,,,,,,,,,
GB16,courses,Channels,,,,,,,,,,,,,,,,,,,,,,,
GB16,courses,Connecting Vessels,,,,,,,,,,,,,,,,,,,,,,,
GB16,clears,Head,,,,,,,,,,,,,,,,,,,,,,,
GB16,brightens,Eyes,,,,,,,,,,,,,,,,,,,,,,,
GB17,clears,Heat,,,,,,,,,,,,,,,,,,,,,,,
GB17,drains,Gallbladder,,,,,,,,,,,,,,,,,,,,,,,
GB17,soothes,Sinews,,,,,,,,,,,,,,,,,,,,,,,
GB17,quickens,Connecting Vessels,,,,,,,,,,,,,,,,,,,,,,,
GB18,calms,Mind,,,,,,,,,,,,,,,,,,,,,,,
GB18,clears,Brain,,,,,,,,,,,,,,,,,,,,,,,
GB18,drains,Heat,,,,,,,,,,,,,,,,,,,,,,,
GB18,diffuses,Lungs,,,,,,,,,,,,,,,,,,,,,,,
GB18,frees,Portals,,,,,,,,,,,,,,,,,,,,,,,
GB19,clears,Gallbladder,,,,,,,,,,,,,,,,,,,,,,,
GB19,drains,Fire,,,,,,,,,,,,,,,,,,,,,,,
GB19,soothes,Sinews,,,,,,,,,,,,,,,,,,,,,,,
GB19,quickens,Connecting Vessels,,,,,,,,,,,,,,,,,,,,,,,
GB19,rouses,Brain,,,,,,,,,,,,,,,,,,,,,,,
GB19,frees,Portals,,,,,,,,,,,,,,,,,,,,,,,
GB20,eliminates,Interior Wind,,,,,,,,,,,,,,,,,,,,,,,
GB20,eliminates,Exterior Wind,,,,,,,,,,,,,,,,,,,,,,,
GB20,subdues,Liver Yang,,,,,,,,,,,,,,,,,,,,,,,
GB20,brightens,Eyes,,,,,,,,,,,,,,,,,,,,,,,
GB20,benefits,Ears,,,,,,,,,,,,,,,,,,,,,,,
GB20,clears,Heat,,,,,,,,,,,,,,,,,,,,,,,
GB20,clears,Brain,,,,,,,,,,,,,,,,,,,,,,,
GB21,relaxes,Sinews,,,,,,,,,,,,,,,,,,,,,,,
GB21,promotes,Lactation,,,,,,,,,,,,,,,,,,,,,,,
GB21,promotes,Delivery,,,,,,,,,,,,,,,,,,,,,,,
GB22,loosens,Chest,,,,,,,,,,,,,,,,,,,,,,,
GB22,normalizes,Qi,,,,,,,,,,,,,,,,,,,,,,,
GB22,soothes,Sinews,,,,,,,,,,,,,,,,,,,,,,,
GB22,quickens,Connecting Vessels,,,,,,,,,,,,,,,,,,,,,,,
GB23,courses,Liver,,,,,,,,,,,,,,,,,,,,,,,
GB23,rectifies,Qi,,,,,,,,,,,,,,,,,,,,,,,
GB23,calms,Dyspnea,,,,,,,,,,,,,,,,,,,,,,,
GB23,downbears,Counterflow,,,,,,,,,,,,,,,,,,,,,,,
GB24,resolves,Damp Heat,,,,,,,,,,,,,,,,,,,,,,,
GB24,promotes,Gallbladder Function,,,,,,,,,,,,,,,,,,,,,,,
GB24,promotes,Liver Function,,,,,,,,,,,,,,,,,,,,,,,
GB25,diagnoses,Kidney Problems,,,,,,,,,,,,,,,,,,,,,,,
GB26,regulates,Uterus,,,,,,,,,,,,,,,,,,,,,,,
GB26,resolves,Damp Heat,,,,,,,,,,,,,,,,,,,,,,,
GB26,regulates,Girdle Vessel,,,,,,,,,,,,,,,,,,,,,,,
GB27,strengthens,Lumbar,,,,,,,,,,,,,,,,,,,,,,,
GB27,boosts,Kidneys,,,,,,,,,,,,,,,,,,,,,,,
GB27,courses,Liver,,,,,,,,,,,,,,,,,,,,,,,
GB27,rectifies,Qi,,,,,,,,,,,,,,,,,,,,,,,
GB27,treats,Vaginal Discharge,,,,,,,,,,,,,,,,,,,,,,,
GB28,courses,Stagnant Qi,,,,,,,,,,,,,,,,,,,,,,,
GB28,rectifies,Two Intestines,,,,,,,,,,,,,,,,,,,,,,,
GB28,leashes,Girdle Vessel,,,,,,,,,,,,,,,,,,,,,,,
GB29,removes,Channel Obstructions,,,,,,,,,,,,,,,,,,,,,,,
GB30,removes,Channel Obstructions,,,,,,,,,,,,,,,,,,,,,,,
GB30,tonifies,Qi,,,,,,,,,,,,,,,,,,,,,,,
GB30,tonifies,Blood,,,,,,,,,,,,,,,,,,,,,,,
GB30,resolves,Damp Heat,,,,,,,,,,,,,,,,,,,,,,,
GB31,expels,Wind,,,,,,,,,,,,,,,,,,,,,,,
GB31,relaxes,Sinews,,,,,,,,,,,,,,,,,,,,,,,
GB31,strengthens,Bones,,,,,,,,,,,,,,,,,,,,,,,
GB31,relieves,Itching,,,,,,,,,,,,,,,,,,,,,,,
GB32,soothes,Sinews,,,,,,,,,,,,,,,,,,,,,,,
GB32,quickens,Connecting Vessels,,,,,,,,,,,,,,,,,,,,,,,
GB32,expels,Wind,,,,,,,,,,,,,,,,,,,,,,,
GB32,dissipates,Cold,,,,,,,,,,,,,,,,,,,,,,,
GB33,dispels,Wind,,,,,,,,,,,,,,,,,,,,,,,
GB33,dissipates,Cold,,,,,,,,,,,,,,,,,,,,,,,
GB33,soothes,Sinews,,,,,,,,,,,,,,,,,,,,,,,
GB33,quickens,Connecting Vessels,,,,,,,,,,,,,,,,,,,,,,,
GB33,relieves,Pain,,,,,,,,,,,,,,,,,,,,,,,
GB34,promotes,Liver Qi Smooth Flow,,,,,,,,,,,,,,,,,,,,,,,
GB34,resolves,Damp Heat,,,,,,,,,,,,,,,,,,,,,,,
GB34,removes,Channel Obstructions,,,,,,,,,,,,,,,,,,,,,,,
GB34,relaxes,Sinews,,,,,,,,,,,,,,,,,,,,,,,
GB34,subdues,Rebellious Qi,,,,,,,,,,,,,,,,,,,,,,,
GB35,relaxes,Sinews,,,,,,,,,,,,,,,,,,,,,,,
GB35,removes,Channel Obstructions,,,,,,,,,,,,,,,,,,,,,,,
GB35,stops,Pain,,,,,,,,,,,,,,,,,,,,,,,
GB36,removes,Channel Obstructions,,,,,,,,,,,,,,,,,,,,,,,
GB36,stops,Pain,,,,,,,,,,,,,,,,,,,,,,,
GB37,brightens,Eyes,,,,,,,,,,,,,,,,,,,,,,,
GB37,expels,Wind,,,,,,,,,,,,,,,,,,,,,,,
GB37,clears,Heat,,,,,,,,,,,,,,,,,,,,,,,
GB37,conducts,Fire Downwards,,,,,,,,,,,,,,,,,,,,,,,
GB38,subdues,Liver Yang,,,,,,,,,,,,,,,,,,,,,,,
GB38,clears,Heat,,,,,,,,,,,,,,,,,,,,,,,
GB38,resolves,Damp Heat,,,,,,,,,,,,,,,,,,,,,,,
GB39,benefits,Essence,,,,,,,,,,,,,,,,,,,,,,,
GB39,nourishes,Marrow,,,,,,,,,,,,,,,,,,,,,,,
GB39,eliminates,Wind,,,,,,,,,,,,,,,,,,,,,,,
GB39,strengthens,Sinews,,,,,,,,,,,,,,,,,,,,,,,
GB39,strengthens,Bones,,,,,,,,,,,,,,,,,,,,,,,
GB39,clears,Damp Heat,,,,,,,,,,,,,,,,,,,,,,,
GB39,cools,Damp Heat,,,,,,,,,,,,,,,,,,,,,,,
GB39,benefits,Liver,,,,,,,,,,,,,,,,,,,,,,,
GB39,benefits,Gallbladder,,,,,,,,,,,,,,,,,,,,,,,
GB40,promotes,Liver Qi Smooth Flow,,,,,,,,,,,,,,,,,,,,,,,
GB41,resolves,Damp Heat,,,,,,,,,,,,,,,,,,,,,,,
GB41,promotes,Liver Qi Smooth Flow,,,,,,,,,,,,,,,,,,,,,,,
GB41,regulates,Girdle Vessel,,,,,,,,,,,,,,,,,,,,,,,
GB42,clears,Liver,,,,,,,,,,,,,,,,,,,,,,,
GB42,drains,Gallbladder,,,,,,,,,,,,,,,,,,,,,,,
GB42,brightens,Eyes,,,,,,,,,,,,,,,,,,,,,,,
GB42,sharpens,Hearing,,,,,,,,,,,,,,,,,,,,,,,
GB43,subdues,Liver Yang,,,,,,,,,,,,,,,,,,,,,,,
GB43,benefits,Ears,,,,,,,,,,,,,,,,,,,,,,,
GB43,resolves,Damp Heat,,,,,,,,,,,,,,,,,,,,,,,
GB44,subdues,Liver Yang,,,,,,,,,,,,,,,,,,,,,,,
GB44,benefits,Eyes,,,,,,,,,,,,,,,,,,,,,,,
GB44,calms,Mind,,,,,,,,,,,,,,,,,,,,,,,
LR1,regulates,Menses,,,,,,,,,,,,,,,,,,,,,,,
LR1,resolves,Damp Heat,,,,,,,,,,,,,,,,,,,,,,,
LR1,promotes,Liver Qi Smooth Flow,,,,,,,,,,,,,,,,,,,,,,,
LR1,restores,Consciousness,,,,,,,,,,,,,,,,,,,,,,,
LR2,clears,Liver Fire,,,,,,,,,,,,,,,,,,,,,,,
LR2,subdues,Liver Yang,,,,,,,,,,,,,,,,,,,,,,,
LR2,cools,Blood,,,,,,,,,,,,,,,,,,,,,,,
LR2,subdues,Interior Wind,,,,,,,,,,,,,,,,,,,,,,,
LR3,subdues,Liver Yang,,,,,,,,,,,,,,,,,,,,,,,
LR3,expels,Interior Wind,,,,,,,,,,,,,,,,,,,,,,,
LR3,promotes,Liver Qi Smooth Flow,,,,,,,,,,,,,,,,,,,,,,,
LR3,calms,Mind,,,,,,,,,,,,,,,,,,,,,,,
LR3,calms,Spasms,,,,,,,,,,,,,,,,,,,,,,,
LR4,promotes,Liver Qi Smooth Flow,,,,,,,,,,,,,,,,,,,,,,,
LR5,promotes,Liver Qi Smooth Flow,,,,,,,,,,,,,,,,,,,,,,,
LR5,resolves,Damp Heat,,,,,,,,,,,,,,,,,,,,,,,
LR6,removes,Channel Obstructions,,,,,,,,,,,,,,,,,,,,,,,
LR6,promotes,Liver Qi Smooth Flow,,,,,,,,,,,,,,,,,,,,,,,
LR6,stops,Pain,,,,,,,,,,,,,,,,,,,,,,,
LR7,frees,Channels,,,,,,,,,,,,,,,,,,,,,,,
LR7,frees,Connecting Vessels,,,,,,,,,,,,,,,,,,,,,,,
LR7,disinhibits,Joints,,,,,,,,,,,,,,,,,,,,,,,
LR7,dispels,Wind,,,,,,,,,,,,,,,,,,,,,,,
LR7,relieves,Pain,,,,,,,,,,,,,,,,,,,,,,,
LR9,courses,Liver,,,,,,,,,,,,,,,,,,,,,,,
LR9,rectifies,Qi,,,,,,,,,,,,,,,,,,,,,,,
LR9,adjusts,Penetrating Vessels,,,,,,,,,,,,,,,,,,,,,,,
LR9,adjusts,Conception Vessels,,,,,,,,,,,,,,,,,,,,,,,
LR9,clears,Lower Burner,,,,,,,,,,,,,,,,,,,,,,,
LR9,disinhibits,Lower Burner,,,,,,,,,,,,,,,,,,,,,,,
LR10,soothes,Sinews,,,,,,,,,,,,,,,,,,,,,,,
LR10,quickens,Connecting Vessels,,,,,,,,,,,,,,,,,,,,,,,
LR10,clears,Lower Burner Damp Heat,,,,,,,,,,,,,,,,,,,,,,,
LR10,disinhibits,Lower Burner Damp Heat,,,,,,,,,,,,,,,,,,,,,,,
LR11,soothes,Sinews,,,,,,,,,,,,,,,,,,,,,,,
LR11,quickens,Connecting Vessels,,,,,,,,,,,,,,,,,,,,,,,
LR11,regulates,Penetrating Vessels,,,,,,,,,,,,,,,,,,,,,,,
LR11,regulates,Conception Vessels,,,,,,,,,,,,,,,,,,,,,,,
LR12,frees,Channels,,,,,,,,,,,,,,,,,,,,,,,
LR12,dissipates,Cold,,,,,,,,,,,,,,,,,,,,,,,
LR13,promotes,Liver Qi Smooth Flow,,,,,,,,,,,,,,,,,,,,,,,
LR13,relieves,Food Retention,,,,,,,,,,,,,,,,,,,,,,,
LR13,benefits,Stomach,,,,,,,,,,,,,,,,,,,,,,,
LR13,benefits,Spleen,,,,,,,,,,,,,,,,,,,,,,,
LR14,promotes,Liver Qi Smooth Flow,,,,,,,,,,,,,,,,,,,,,,,
LR14,benefits,Stomach,,,,,,,,,,,,,,,,,,,,,,,
LR14,cools,Blood,,,,,,,,,,,,,,,,,,,,,,,
CV1,nourishes,Yin,,,,,,,,,,,,,,,,,,,,,,,
CV1,benefits,Essence,,,,,,,,,,,,,,,,,,,,,,,
CV1,promotes,Resuscitation,,,,,,,,,,,,,,,,,,,,,,,
CV1,resolves,Damp Heat,,,,,,,,,,,,,,,,,,,,,,,
CV2,warms,Yang,,,,,,,,,,,,,,,,,,,,,,,
CV2,supplements,Kidney,,,,,,,,,,,,,,,,,,,,,,,
CV2,regulates,Menses,,,,,,,,,,,,,,,,,,,,,,,
CV2,stops,Vaginal Discharge,,,,,,,,,,,,,,,,,,,,,,,
CV3,resolves,Damp Heat,,,,,,,,,,,,,,,,,,,,,,,
CV3,promotes,Qi Transformation Bladder Function,,,,,,,,,,,,,,,,,,,,,,,
CV3,clears,Heat,,,,,,,,,,,,,,,,,,,,,,,
CV4,nourishes,Blood,,,,,,,,,,,,,,,,,,,,,,,
CV4,nourishes,Yin,,,,,,,,,,,,,,,,,,,,,,,
CV4,strengthens,Yang,,,,,,,,,,,,,,,,,,,,,,,
CV4,regulates,Uterus,,,,,,,,,,,,,,,,,,,,,,,
CV4,benefits,Original Qi,,,,,,,,,,,,,,,,,,,,,,,
CV4,tonifies,Kidneys,,,,,,,,,,,,,,,,,,,,,,,
CV4,calms,Mind,,,,,,,,,,,,,,,,,,,,,,,
CV4,roots,Ethereal Soul,,,,,,,,,,,,,,,,,,,,,,,
CV5,strengthens,Original Qi,,,,,,,,,,,,,,,,,,,,,,,
CV5,promotes,Fluid Transformation,,,,,,,,,,,,,,,,,,,,,,,
CV5,promotes,Fluids Excretion,,,,,,,,,,,,,,,,,,,,,,,
CV5,opens,Water Passages,,,,,,,,,,,,,,,,,,,,,,,
CV6,tonifies,Qi,,,,,,,,,,,,,,,,,,,,,,,
CV6,tonifies,Yang,,,,,,,,,,,,,,,,,,,,,,,
CV6,regulates,Qi,,,,,,,,,,,,,,,,,,,,,,,
CV6,tonifies,Original Qi,,,,,,,,,,,,,,,,,,,,,,,
CV6,resolves,Damp,,,,,,,,,,,,,,,,,,,,,,,
CV7,nourishes,Yin,,,,,,,,,,,,,,,,,,,,,,,
CV7,regulates,Uterus,,,,,,,,,,,,,,,,,,,,,,,
CV7,regulates,Penetrating Vessels,,,,,,,,,,,,,,,,,,,,,,,
CV8,rescues,Yang,,,,,,,,,,,,,,,,,,,,,,,
CV8,strengthens,Spleen,,,,,,,,,,,,,,,,,,,,,,,
CV8,tonifies,Original Qi,,,,,,,,,,,,,,,,,,,,,,,
CV8,warms,Original Yang,,,,,,,,,,,,,,,,,,,,,,,
CV8,frees,Original Yang,,,,,,,,,,,,,,,,,,,,,,,
CV8,opens,Portals,,,,,,,,,,,,,,,,,,,,,,,
CV8,restores,Consciousness,,,,,,,,,,,,,,,,,,,,,,,
CV8,moves,Gastrointestinal Qi,,,,,,,,,,,,,,,,,,,,,,,
CV8,transforms,Cold Damp Accumulating Stagnations,,,,,,,,,,,,,,,,,,,,,,,
CV9,moves,Spleen,,,,,,,,,,,,,,,,,,,,,,,
CV9,disinhibits,Water Damp,,,,,,,,,,,,,,,,,,,,,,,
CV10,promotes,Stomach Qi Descending,,,,,,,,,,,,,,,,,,,,,,,
CV10,relieves,Food Stagnation,,,,,,,,,,,,,,,,,,,,,,,
CV10,tonifies,Spleen,,,,,,,,,,,,,,,,,,,,,,,
CV11,promotes,Stomach Rotting,,,,,,,,,,,,,,,,,,,,,,,
CV11,promotes,Stomach Ripening,,,,,,,,,,,,,,,,,,,,,,,
CV11,stimulates,Stomach Qi Descending,,,,,,,,,,,,,,,,,,,,,,,
CV12,tonifies,Stomach,,,,,,,,,,,,,,,,,,,,,,,
CV12,tonifies,Spleen,,,,,,,,,,,,,,,,,,,,,,,
CV12,resolves,Damp,,,,,,,,,,,,,,,,,,,,,,,
CV12,regulates,Stomach Qi,,,,,,,,,,,,,,,,,,,,,,,
CV13,subdues,Rebellious Stomach Qi,,,,,,,,,,,,,,,,,,,,,,,
CV14,subdues,Rebellious Stomach Qi,,,,,,,,,,,,,,,,,,,,,,,
CV14,calms,Mind,,,,,,,,,,,,,,,,,,,,,,,
CV14,clears,Heart,,,,,,,,,,,,,,,,,,,,,,,
CV15,calms,Mind,,,,,,,,,,,,,,,,,,,,,,,
CV15,benefits,Original Qi,,,,,,,,,,,,,,,,,,,,,,,
CV16,loosens,Chest,,,,,,,,,,,,,,,,,,,,,,,
CV16,rectifies,Qi,,,,,,,,,,,,,,,,,,,,,,,
CV16,downbears,Counterflow,,,,,,,,,,,,,,,,,,,,,,,
CV16,harmonizes,Center,,,,,,,,,,,,,,,,,,,,,,,
CV17,tonifies,Qi,,,,,,,,,,,,,,,,,,,,,,,
CV17,regulates,Qi,,,,,,,,,,,,,,,,,,,,,,,
CV17,dispels,Chest Fullness,,,,,,,,,,,,,,,,,,,,,,,
CV17,clears,Lungs,,,,,,,,,,,,,,,,,,,,,,,
CV17,resolves,Phlegm,,,,,,,,,,,,,,,,,,,,,,,
CV17,benefits,Diaphragm,,,,,,,,,,,,,,,,,,,,,,,
CV17,benefits,Breasts,,,,,,,,,,,,,,,,,,,,,,,
CV18,loosens,Chest,,,,,,,,,,,,,,,,,,,,,,,
CV18,rectifies,Qi,,,,,,,,,,,,,,,,,,,,,,,
CV18,suppresses,Cough,,,,,,,,,,,,,,,,,,,,,,,
CV18,dispels,Phlegm,,,,,,,,,,,,,,,,,,,,,,,
CV19,loosens,Chest,,,,,,,,,,,,,,,,,,,,,,,
CV19,rectifies,Qi,,,,,,,,,,,,,,,,,,,,,,,
CV19,suppresses,Cough,,,,,,,,,,,,,,,,,,,,,,,
CV19,disinhibits,Throat,,,,,,,,,,,,,,,,,,,,,,,
CV20,loosens,Chest,,,,,,,,,,,,,,,,,,,,,,,
CV20,disinhibits,Diaphragm,,,,,,,,,,,,,,,,,,,,,,,
CV20,clears,Lungs,,,,,,,,,,,,,,,,,,,,,,,
CV20,stops,Cough,,,,,,,,,,,,,,,,,,,,,,,
CV21,loosens,Chest,,,,,,,,,,,,,,,,,,,,,,,
CV21,rectifies,Qi,,,,,,,,,,,,,,,,,,,,,,,
CV21,suppresses,Cough,,,,,,,,,,,,,,,,,,,,,,,
CV21,downbears,Counterflow,,,,,,,,,,,,,,,,,,,,,,,
CV22,stimulates,Lung Qi Descending,,,,,,,,,,,,,,,,,,,,,,,
CV22,resolves,Phlegm,,,,,,,,,,,,,,,,,,,,,,,
CV22,clears,Heat,,,,,,,,,,,,,,,,,,,,,,,
CV22,stops,Cough,,,,,,,,,,,,,,,,,,,,,,,
CV22,benefits,Throat,,,,,,,,,,,,,,,,,,,,,,,
CV22,soothes,Asthma,,,,,,,,,,,,,,,,,,,,,,,
CV23,dispels,Interior Wind,,,,,,,,,,,,,,,,,,,,,,,
CV23,promotes,Speech,,,,,,,,,,,,,,,,,,,,,,,
CV23,clears,Fire,,,,,,,,,,,,,,,,,,,,,,,
CV23,resolves,Phlegm,,,,,,,,,,,,,,,,,,,,,,,
CV23,subdues,Rebellious Qi,,,,,,,,,,,,,,,,,,,,,,,
CV24,expels,Exterior Wind,,,,,,,,,,,,,,,,,,,,,,,
GV1,regulates,Governing Vessels,,,,,,,,,,,,,,,,,,,,,,,
GV1,regulates,Directing Vessels,,,,,,,,,,,,,,,,,,,,,,,
GV1,resolves,Damp Heat,,,,,,,,,,,,,,,,,,,,,,,
GV1,calms,Mind,,,,,,,,,,,,,,,,,,,,,,,
GV2,extinguishes,Interior Wind,,,,,,,,,,,,,,,,,,,,,,,
GV2,calms,Spasms,,,,,,,,,,,,,,,,,,,,,,,
GV2,calms,Convulsions,,,,,,,,,,,,,,,,,,,,,,,
GV2,strengthens,Lower Back,,,,,,,,,,,,,,,,,,,,,,,
GV3,strengthens,Lower Back,,,,,,,,,,,,,,,,,,,,,,,
GV3,tonifies,Yang,,,,,,,,,,,,,,,,,,,,,,,
GV3,strengthens,Legs,,,,,,,,,,,,,,,,,,,,,,,
GV4,tonifies,Kidney Yang,,,,,,,,,,,,,,,,,,,,,,,
GV4,nourishes,Original Qi,,,,,,,,,,,,,,,,,,,,,,,
GV4,warms,Vitality Gate,,,,,,,,,,,,,,,,,,,,,,,
GV4,expels,Cold,,,,,,,,,,,,,,,,,,,,,,,
GV4,strengthens,Lower Back,,,,,,,,,,,,,,,,,,,,,,,
GV4,benefits,Essence,,,,,,,,,,,,,,,,,,,,,,,
GV5,fortifies,Spleen,,,,,,,,,,,,,,,,,,,,,,,
GV5,harmonizes,Stomach,,,,,,,,,,,,,,,,,,,,,,,
GV5,strengthens,Lumbar,,,,,,,,,,,,,,,,,,,,,,,
GV5,strengthens,Knees,,,,,,,,,,,,,,,,,,,,,,,
GV6,fortifies,Spleen,,,,,,,,,,,,,,,,,,,,,,,
GV6,disinhibits,Damp,,,,,,,,,,,,,,,,,,,,,,,
GV6,supplements,Kidney,,,,,,,,,,,,,,,,,,,,,,,
GV6,stems,Desertion,,,,,,,,,,,,,,,,,,,,,,,
GV6,strengthens,Lumbar,,,,,,,,,,,,,,,,,,,,,,,
GV7,supplements,Kidneys,,,,,,,,,,,,,,,,,,,,,,,
GV7,strengthens,Lumbar,,,,,,,,,,,,,,,,,,,,,,,
GV7,harmonizes,Stomach,,,,,,,,,,,,,,,,,,,,,,,
GV7,relieves,Pain,,,,,,,,,,,,,,,,,,,,,,,
GV8,relaxes,Sinews,,,,,,,,,,,,,,,,,,,,,,,
GV8,eliminates,Interior Wind,,,,,,,,,,,,,,,,,,,,,,,
GV9,regulates,Liver,,,,,,,,,,,,,,,,,,,,,,,
GV9,regulates,Gallbladder,,,,,,,,,,,,,,,,,,,,,,,
GV9,moves,Qi,,,,,,,,,,,,,,,,,,,,,,,
GV9,opens,Chest,,,,,,,,,,,,,,,,,,,,,,,
GV9,opens,Diaphragm,,,,,,,,,,,,,,,,,,,,,,,
GV9,resolves,Damp Heat,,,,,,,,,,,,,,,,,,,,,,,
GV10,diffuses,Lungs,,,,,,,,,,,,,,,,,,,,,,,
GV10,suppresses,Cough,,,,,,,,,,,,,,,,,,,,,,,
GV10,frees,Channels,,,,,,,,,,,,,,,,,,,,,,,
GV10,quickens,Connecting Vessels,,,,,,,,,,,,,,,,,,,,,,,
GV11,regulates,Heart,,,,,,,,,,,,,,,,,,,,,,,
GV11,calms,Mind,,,,,,,,,,,,,,,,,,,,,,,
GV12,eliminates,Interior Wind,,,,,,,,,,,,,,,,,,,,,,,
GV12,calms,Spasms,,,,,,,,,,,,,,,,,,,,,,,
GV12,tonifies,Lung Qi,,,,,,,,,,,,,,,,,,,,,,,
GV12,strengthens,Body,,,,,,,,,,,,,,,,,,,,,,,
GV13,clears,Heat,,,,,,,,,,,,,,,,,,,,,,,
GV13,releases,Exterior,,,,,,,,,,,,,,,,,,,,,,,
GV13,regulates,Lesser Yang,,,,,,,,,,,,,,,,,,,,,,,
GV14,clears,Heat,,,,,,,,,,,,,,,,,,,,,,,
GV14,releases,Exterior,,,,,,,,,,,,,,,,,,,,,,,
GV14,expels,Wind,,,,,,,,,,,,,,,,,,,,,,,
GV14,regulates,Nutritive Qi,,,,,,,,,,,,,,,,,,,,,,,
GV14,regulates,Defensive Qi,,,,,,,,,,,,,,,,,,,,,,,
GV14,clears,Mind,,,,,,,,,,,,,,,,,,,,,,,
GV14,tonifies,Yang,,,,,,,,,,,,,,,,,,,,,,,
GV15,clears,Mind,,,,,,,,,,,,,,,,,,,,,,,
GV15,stimulates,Speech,,,,,,,,,,,,,,,,,,,,,,,
GV16,eliminates,Wind,,,,,,,,,,,,,,,,,,,,,,,
GV16,clears,Mind,,,,,,,,,,,,,,,,,,,,,,,
GV16,benefits,Brain,,,,,,,,,,,,,,,,,,,,,,,
GV17,eliminates,Wind,,,,,,,,,,,,,,,,,,,,,,,
GV17,benefits,Brain,,,,,,,,,,,,,,,,,,,,,,,
GV17,clears,Mind,,,,,,,,,,,,,,,,,,,,,,,
GV18,calms,Liver,,,,,,,,,,,,,,,,,,,,,,,
GV18,extinguishes,Wind,,,,,,,,,,,,,,,,,,,,,,,
GV18,soothes,Sinews,,,,,,,,,,,,,,,,,,,,,,,
GV18,quickens,Connecting Vessels,,,,,,,,,,,,,,,,,,,,,,,
GV19,calms,Mind,,,,,,,,,,,,,,,,,,,,,,,
GV20,clears,Mind,,,,,,,,,,,,,,,,,,,,,,,
GV20,lifts,Spirit,,,,,,,,,,,,,,,,,,,,,,,
GV20,tonifies,Yang,,,,,,,,,,,,,,,,,,,,,,,
GV20,strengthens,Spleen Ascending Function,,,,,,,,,,,,,,,,,,,,,,,
GV20,eliminates,Interior Wind,,,,,,,,,,,,,,,,,,,,,,,
GV20,promotes,Resuscitation,,,,,,,,,,,,,,,,,,,,,,,
GV21,extinguishes,Wind,,,,,,,,,,,,,,,,,,,,,,,
GV21,relieves,Tetany,,,,,,,,,,,,,,,,,,,,,,,
GV21,frees,Connecting Vessels,,,,,,,,,,,,,,,,,,,,,,,
GV21,disperses,Swelling,,,,,,,,,,,,,,,,,,,,,,,
GV21,stabilizes,Spirit,,,,,,,,,,,,,,,,,,,,,,,
GV22,calms,Liver,,,,,,,,,,,,,,,,,,,,,,,
GV22,extinguishes,Wind,,,,,,,,,,,,,,,,,,,,,,,
GV22,opens,Portals,,,,,,,,,,,,,,,,,,,,,,,
GV22,settles,Fright,,,,,,,,,,,,,,,,,,,,,,,
GV23,opens,Nose,,,,,,,,,,,,,,,,,,,,,,,
GV24,calms,Mind,,,,,,,,,,,,,,,,,,,,,,,
GV25,discharges,Heat,,,,,,,,,,,,,,,,,,,,,,,
GV25,opens,Portals,,,,,,,,,,,,,,,,,,,,,,,
GV25,returns,Yang,,,,,,,,,,,,,,,,,,,,,,,
GV25,stems,Counterflow,,,,,,,,,,,,,,,,,,,,,,,
GV26,promotes,Resuscitation,,,,,,,,,,,,,,,,,,,,,,,
GV26,benefits,Lumbar Spine,,,,,,,,,,,,,,,,,,,,,,,
GV27,nourishes,Yin,,,,,,,,,,,,,,,,,,,,,,,
GV27,clears,Heat,,,,,,,,,,,,,,,,,,,,,,,
GV27,relieves,Pain,,,,,,,,,,,,,,,,,,,,,,,
GV27,quiets,Spirit,,,,,,,,,,,,,,,,,,,,,,,
GV28,diffuses,Lungs,,,,,,,,,,,,,,,,,,,,,,,
GV28,frees,Portals,,,,,,,,,,,,,,,,,,,,,,,
GV28,clears,Heat,,,,,,,,,,,,,,,,,,,,,,,
GV28,drains,Fire,,,,,,,,,,,,,,,,,,,,,,,
GV28,brightens,Eyes,,,,,,,,,,,,,,,,,,,,,,,
GV28,relieves,Itching,,,,,,,,,,,,,,,,,,,,,,,
LU1,regulates,Lung Qi,,,,,,,,,,,,,,,,,,,,,,,
LU1,stops,Cough,,,,,,,,,,,,,,,,,,,,,,,
LU1,stimulates,Lung Qi Descending,,,,,,,,,,,,,,,,,,,,,,,
LU1,disperses,Chest Fullness,,,,,,,,,,,,,,,,,,,,,,,
LU1,stops,Pain,,,,,,,,,,,,,,,,,,,,,,,
